article_genre,article_year,article_author,article_name,article_journal,article_proceeding,citation_key,article_topic,article_type,survey_data,survey_country,survey_operator,survey_mode,survey_population,survey_participants_representative,survey_participants_number,mobile_participants_coverage_bias,mobile_bias_image_presentation,mobile_bias_single_versus_multiple_questions_on_page,mobile_bias_need_for_scrolling,mobile_bias_navigation_unwillingness,mobile_bias_text_answer_avoiding,survey_design_mobile_adapted,mobile_participants_younger,mobile_participants_more_male,mobile_participants_education_higher,mobile_results_different,mobile_completion_time_higher_subjective,mobile_completion_time_higher,invitation_mode_breakoff_rate_sms_invitation_higher,mobile_satisfaction_lower,mobile_participants_more_mobile,survey_participants_source,mobile_completion_rate_lower,mobile_willingness_rate_lower,mobile_breakoff_rate_higher,mobile_primacy_effect_higher,mobile_socially_undesirable_answers_more,mobile_non_substantial_anwser_single_choice_more,mobile_satisficing_check_box_more,mobile_text_response_nonrelevant_more,mobile_text_answer_shorter,mobile_participants_less_alone,mobile_participants_less_trust_in_confidentiality,mobile_sensitive_questions_less_sensitive,mobile_sensitive_questions_less_uneasy,mobile_design_recommendations,mobile_participants_social_class_higher,mobile_participants_more_urban,mobile_participants_more_female,mobile_participants_income_higher,mobile_participants_more_willing_passive_data_collection,mobile_text_answer_avoid_more,mobile_participants_mobile_increasing,mobile_participants_more_progressive,mobile_completion_time_lower,mobile_missing_items_rate_higher,mobile_participant_more_non_white,mobile_bias_low_versus_high_frequency,invitation_mode_mobile_reponse_rate_sms_invitation_higher,invitation_mode_mobile_reponse_time_sms_invitation_shorter_than_e_mail_invitation,mobile_design_paging_longer_completion_time_than_scrolling,mobile_design_paging_lower_item_nonreponse_than_scrolling,mobile_design_paging_higher_primacy_effect_than_scrolling,mobile_design_paging_more_difficult_than_scrolling,mobile_design_layout_vertical_lower_item_nonresponse_than_horizontal,mobile_design_vertical_higher_primacy_effect_than_horizontal,mobile_design_vertical_longer_completion_time_than_horizontal,mobile_design_vertical_more_difficult_than_horizontal,mobile_design_paging_higher_break_off_rate_than_scrolling,mobile_design_paging_longer_completion_time_subjective_than_scrolling,mobile_design_paging_lower_satisfaction_than_scrolling,mobile_design_paging_higher_item_nonresponse_than_scrolling,mobile_device_type_influence_breakoff_rate,invitation_mode_mobile_participants_rate_sms_invitation_higher,mobile_participant_education_higher,mobile_participant_income_higher,mobile_participant_more_urban,mobile_response_later_on_day,review_data_quality,mobile_participants_insights,mobile_straightlining_more,mobile_left_aligned_options_choice_less,mobile_design_optimized_online_higher_completion_rate,review_mobile_design,review_current_research,mobile_error_rate_higher,mobile_usability_lower,mobile_response_rate_complex_question_higher,mobile_straightlining_less,survey_invitation_mode,mobile_design_less_items_scrolling_higher_breakoff,mobile_design_less_item_scrolling_shorter_completion_time,mobile_network_latency_higher,mobile_higher_survey_incentive_higher_participation,invitation_mode_sms_invitation_mobile_breakoff_rate_higher,invitation_mode_sms_inivitation_higher_mobile_participation,mobile_design_not_optimized_mobile_completion_time_higher_than_optimized,mobile_non_substantial_anwser_more,mobile_design_not_optimized_mobile_non_substantial_anwser_more_than_optimized,mobile_design_not_optimized_mobile_avoid_text_answer_more_than_optimized,mobile_design_not_optimized_mobile_less_text_than_optimized,mobile_participants_increasing_usage_of_smartphone,mobile_participants_not_accepting_mobile_survey_older,mobile_participants_more_stranger_present,mobile_sensitivity_perceived_higher,mobile_sensitive_questions_more_uneasy,mobile_participants_more_multitasking,mobile_sensitive_questions_answering_less,mobile_acquiescence_more,mobile_midpoint_responding_more,mobile_design_video_able_to_view_less,mobile_scrolling_time_more,mobile_order_by_click_different_results,mobile_design_split_grid_into_different_questions_reduces_non_differentiation,mobile_inter_item_correlation_grid_more,mobile_participants_more_moving,mobile_participants_more_distracted,mobile_participants_multiple_browser_sessions_more,mobile_unaceptably_short_anwser_less,mobile_text_anwser_longer,mobile_non_differentiated_answers_more,mobile_design_slider_anwser_less_accurate,mobile_design_date_picker_less_successful_answers,mobile_design_date_picker_anwser_less_accurate,mobile_primacy_effect_higher_effect_categorical,mobile_response_order_bias_more,mobile_joint_versus_seperate_evaluation_bias_more,mobile_design_more_correlation_in_grid_versus_one_at_a_time_presentation,mobile_design_split_questionnaire_design_more_accurate,survey_number_inivitations,mobile_participant_increasing,mobile_design_emoji_different_mean_rating,mobile_design_emoji_different_satisfaction,mobile_design_standards,mobile_lost_focus_more,mobile_anwser_changes_more,mobile_instruction_manipulation_check_failure_more,mobile_design_next_button_always_visible_shorter_completion_time,mobile_design_next_button_always_visible_more_missing-item,mobile_design_grid_versus_item_by_item_completion_time_shorter,mobile_design_grid_versus_item_by_item_lost_focus_less,mobile_design_grid_versus_item_by_item_anwser_change_more,mobile_design_grid_versus_item_by_item_non_substantial_anwsers_more,mobile_design_grid_versus_item_by_item_failure_instruction_manipulation_check_more,mobile_design_grid_versus_item_by_item_non_differentiation_more,mobile_enjoyment_of_survey_less,mobile_technical_difficulties_more,mobile_design_grid_versus_item_by_item_straightlining_more,mobile_design_grid_versus_item_by_item_technical_difficulties_more,mobile_design_grid_versus_item_by_item_subjective_evaluation_lower,mobile_response_time_faster,invitation_mode_mobile_reponse_time_after_reminder_faster,mobile_transmission_time_higher,mobile_processsing_time_higher,mobile_device_less_powerful_deivce_higher_processing_time_than_more_powerful,mobile_device_less_powerful_deivce_higher_transmission_time_than_more_powerful,mobile_device_less_powerful_device_higher_completion_time_than_more_powerful,mobile_device_more_powerful_higher_processing_time,mobile_device_more_powerful_higher_transmission_time,mobile_device_more_powerful_device_higher_completion_time,mobile_response_rate_lower,mobile_scale_reliability_lower,mobile_design_grid_versus_item_by_item_correlation_more,mobile_design_next_button_always_visible_with_columns_less_missing_data_than_not_always_visible,mobile_design_two_columns_with_next_button_always_visible_less_missing_data_than_one_column,mobile_design_next_button_always_visible_less_missing_data_than_not_always_visible,mobile_design_next_button_always_visible_lower_completion_time_than_not_always_visible,mobile_design_one_column_data_quality_difference_to_two_columns,mobile_design_always_on_next_button_data_quality_difference_to_two_columns,mobile_design_agree_disagree_shorter_completion_time_than_item_specific_question,mobile_design_sliders_more_non_response_than_buttons,mobile_design_visual_analogue_scales_more_non_response_than_buttons,mobile_design_sliders_more_non_substantive_anwser_than_buttons,mobile_design_visual_analogue_scales_more_non_substantive_anwser_than_buttons,mobile_design_sliders_more_negative_evaluation_than_buttons,mobile_design_visual_analogue_scales_more_negative_evaluation_than_buttons,mobile_positive_evaluation_anwser_less,mobile_design_ios_picker_longer_completion_time_than_radio_button,mobile_design_android_spinner_longer_completion_time_than_radio_button,mobile_design_ios_picker_versus_radio_button_repondent_burden_higher,mobile_design_ios_picker_lower_accuracy_than_radio_button,mobile_design_android_spinner_lower_accuracy_than_radio_button,mobile_design_ios_picker_versus_radio_button_satisfaction_higher,mobile_design_android_spinner_higher_satisfaction_than_radio_button,mobile_design_icon_navigation_versus_text_navigation_reponse_time_first_try_slower,mobile_design_icon_navigation_versus_text_navigation_navigation_errors_more,mobile_design_icon_navigation_versus_text_navigation_satisfaction_higher,mobile_design_text_navigation_preferred_over_icon_navigation,review_mobile_participants,mobile_participants_millenials_participate_more_mobile,mobile_design_modularization_increases_mobile_participation,survey_year,survey_year_detail,survey_incentive,mobile_measurement_quality_lower,survey_participants_number_mobile,input_alternative_image_taking_lower_compliance_than_image_uploading,input_alternative_not_clear_reasons_for_non_compliance_images,mobile_design_item_by_item_higher_number_of_rows_higher_dropout,mobile_design_item_by_item_higher_number_of_rows_higher_straightlining,mobile_design_item_by_item_higher_number_of_rows_higher_survey_rating,mobile_design_item_by_item_higher_number_of_rows_higher_nonreponse,mobile_design_item_by_item_higher_number_of_columns_higher_dropout,mobile_design_item_by_item_higher_number_of_columns_higher_survey_rating,mobile_design_item_by_item_higher_number_of_columns_higher_straightlining,input_alternative_moving_data_higher_motion_means_higher_completion_time_if_grid,input_alternative_moving_data_higher_motion_means_higher_completion_time_if_single_question,input_alternative_moving_data_higher_motion_means_higher_primacy_effect_if_grid,input_alternative_moving_data_higher_motion_means_higher_primacy_effect_if_single_question,mobile_design_questions_by_section_higher_completion_time,mobile_design_questions_by_one_at_a_time_higher_completion_time,mobile_design_questions_all_at_once_higher_completion_time,mobile_design_questions_by_section_higher_usability,mobile_design_questions_by_one_at_a_time_higher_usability,mobile_design_questions_all_at_once_higher_usability,survey_data_from_another_survey,mobile_estimates_biased_more,mobile_design_no_clear_effects_of_different_radio_button_alternatives,mobile_sensitive_questions_answering_more,mobile_participants_female_use_mobile_more,mobile_participants_young_use_mobile_more,mobile_participants_lower_income_use_mobile_more,mobile_completion_rate_close_ended_lower,mobile_completion_rate_open_questions_lower,mobile_inconsistent_anwsers_more,mobile_reponse_randomness_higher,invitation_mode_optimized_letter_means_higher_mobile_reponses,invitation_mode_optimized_letter_means_higher_reponses,invitation_mode_optimized_letter_changes_age_structure,mobile_design_optimized_and_auto_forwarding_shorter_reponse_time,mobile_design_optimized_and_auto_forwarding_higher_satisfaction,mobile_check_all_that_apply_anwsers_less,mobile_participants_female_willingness_use_mobile_higher,mobile_participants_younger_willingness_use_mobile_higher,mobile_participants_higher_educated_willingness_use_mobile_higher,mobile_participants_higher_income_willingness_use_mobile_higher,mobile_more_heaping,mobile_motivated_underreporting_more,input_alternative_android_voice_higher_nonreponse_than_text,input_alternative_android_voice_more_techical_problems_than_text,input_alternative_ios_voice_higher_nonreponse_than_text,input_alternative_voice_faster_per_character_than_text,input_alternative_android_voice_less_valid_answers_than_text,input_alternative_ios_voice_less_valid_answers_than_text,input_alternative_android_voice_more_characters_than_text,input_alternative_ios_voice_less_characters_than_text,input_alternative_android_voice_trust_anonymity_less_than_text,input_alternative_ios_voice_trust_anonymity_less_than_text,input_alternative_android_voice_more_complicated_than_text,input_alternative_ios_voice_more_complicated_than_text,mobile_participants_male_more_mobile_than_female ,mobile_participants_male_more_android_than_female,mobile_participants_male_more_ios_than_female,mobile_participants_more_educated_use_smartphone_more,mobile_participants_more_urban_use_mobile_more,mobile_participants_coverage_bias_weighting_elimated,mobile_low_familarity_completion_time_higher,mobile_completion_time_breakdown,mobile_completion_time_text_anwser_higher,mobile_completion_time_multiple_questions_higher,mobile_completion_rate_matrix_lower,input_alternative_moving_data_standing_motion_compliance_more_than_walking,input_alternative_moving_data_standing_less_primacy_more_than_walking,input_alternative_moving_data_standing_more_recency_than_walking,input_alternative_moving_data_standing_more_middle_values_than_walking,input_alternative_moving_data_standing_less_extreme_values_than_walking,mobile_design_image_effect_lower,input_alternative_voice_different_instruction_reduce_technical_problems,mobile_participants_higher_education_use_mobile_more,mobile_participants_positive_asylum_decision_higher_participation,mobile_design_slider_satisficing_higher,mobile_design_numeric_label_smaller_impact_than_pc,input_alternative_messenger_completion_rate_lower,input_alternative_messenger_shorter_text,input_alternative_messenger_completion_time_longer,mobile_participants_millenial_willing_to_use_emoji,mobile_design_emoji_preference_differs_between_countries,mobile_design_emoji_usage_differs_between_countries,mobile_design_emoji_request_increase_informatio_conveyed,mobile_design_emoji_request_decreases_completion_time,mobile_design_emoji_request_less_complex_survey,mobile_construct_validity,invitation_mode_rdd_sms_response_rate_low,mobile_participants_representative_not,mobile_participants_income_lower,mobile_participants_education_lower,mobile_scale_effects_more,mobile_design_measurement_invariance_decremental_scale,mobile_design_measurement_invariance_incremental_scale
journalArticle,2017,"Revilla, Melanie; Toninelli, Daniele; Ochoa, Carlos",An experiment comparing grids and item-by-item formats in web surveys completed through PCs and smartphones.,Telematics & Informatics,,revilla_an_2017,Survey Design,Research Article,1.0,Spain,Netquest,Web Survey,Adults Smartphone and PC User,,1800,,,,,,,"[True, False]",,,,,,True,,,,,,,,,,,,,,,,,,,,,,,,,,,,,,,,,,,,,,,,,,,,,,,,,,,,,,,,,,,,,,,,,,,,,,,,,,,,,,,,,,,,,,1.0,0.0,,,,,,,,,,,,,,,,,,,,,,,,,,,,,,,,,,,,,,,,,,,,,,,,,,,,,,,,,,,,,,,,,,,,,,,,,,,,,2015.0,2015,,,,,,,,,,,,,,,,,,,,,,,,,,,,,,,,,,,,,,,,,,,,,,,,,,,,,,,,,,,,,,,,,,,,,,,,,,,,,,,,,,,,,,,,,,,,,,,,
journalArticle,2019,"Bosch, Oriol J.; Revilla, Melanie; Paura, Ezequiel",Answering Mobile Surveys With Images: An Exploration Using a Computer Vision API,Social Science Computer Review,,bosch_answering_2019,Alternative Input,Research Article,1.0,"['Spain', 'Mexico']",Netquest,Mobile Web Survey,Millenials (16-34) with Smartphone,True,1614,,,,,,,True,,,,,,,,,,,,,,,,,,,,,,,,,,,,,,,,,,,,,,,,,,,,,,,,,,,,,,,,,,,,,,,,,,,,,,,,,,,,,,,,,,,,,,,,,,,,,,,,,,,,,,,,,,,,,,,,,,,,,,,,,,,,,,,,,,,,,,,,,,,,,,,,,,,,,,,,,,,,,,,,,,,,,,,,,,2017.0,2017,Payment,,1614,1.0,1.0,,,,,,,,,,,,,,,,,,,,,,,,,,,,,,,,,,,,,,,,,,,,,,,,,,,,,,,,,,,,,,,,,,,,,,,,,,,,,,,,,,,,,,,,,,,
journalArticle,2019,"Ha, Louisa,; Zhang, Chenjie",Are computers better than smartphones for web survey responses?,Online Information Review,,ha_are_2019,Data Quality,Research Article,1.0,USA,Author,Web Survey,Students,False,419,,,,,,,True,,,,,,False,,,,,,,,,,,,,,,,,,,,,,,,,,,,,,,,,,,,,,,,,,,,,,,,,,,,,,,,,,,,,,,,,,,,,,,,,,,,,,,,,,,,,,,,,,,,,,,,,,,,,,,,,,,,,,,,,,,,,,,,,,,,,,,,,,,,,,,,,,,,,,,,,,,,,,,,,,,,,,,,,,,,2015.0,2015,,,,,,,,,,,,,,,,,,,,,,,,,,,,,,1.0,1.0,,,,,,,,,,,,,,,,,,,,,,,,,,,,,,,,,,,,,,,,,,,,,,,,,,,,,,,,,,,,,,,,,
journalArticle,2015,"Buskirk, Trent D.","Are sliders too slick for surveys? An experiment comparing slider and radio button scales for smartphone, tablet and computer based surveys","methods, data, analyses",,buskirk_are_2015,Survey Design,Research Article,1.0,USA,Research Now's US consumer e-rewards panel,Web Survey,American Adults,False,3598,,,,,,,True,,,,,,,,,,,,,,,,,,,,,,,,,,,,,,,,,,,,,,,,,,,,,,,,,,,,,,,,,,,,,,,,,,,,,,,,,,,,,,,,,,,,,,,,,,,,,,,,,,,,,,,,,,,,,,,,,,,,,,,,,,,,,,,,,,,,,,,,,,,,,,,,,,,,,,,,,,,,,,,,,,,,,,,,,,2014.0,2014,,,,,,,,,,,,,,,,,,,,,,,,,,,,,,,,,,,,,,,,,,,,,,,,,,,,,,,,,,,,,,,,,,,,,,,,,,,,,,,,,,,,,,,,,,,,,,,,
journalArticle,2017,"Revilla, Melanie",Are There Differences Depending on the Device Used to Complete a Web Survey (PC or Smartphone) for Order-by-click Questions?,Field methods,,revilla_are_2017,Survey Design,Research Article,1.0,Spain,Netquest,Web Survey,Spanish Adults,True,1608,,,,,,,"[True, False]",,,,,,True,,,,,,,,,,,,,,,,,,,,,,,,,,,,1.0,,,,,,,,,,,,,,,,,,,,,,,,,,,,,,,,,,,,,,,,,,,,,,,,,,,,,,,,,0.0,,,,,,,,,,,,,,,,,,,,,,,,,,,,,,,,,,,,,,,,,,,,,,,,,,,,,,,,,,,,,,,,,,,,,,,,,,,,,,,2015.0,2015,,,,,,,,,,,,,,,,,,,,,,,,,,,,,,,,,,,,,,,,,,,,,,,,,,,,,,,,,,,,,,,,,,,,,,,,,,,,,,,,,,,,,,,,,,,,,,,,
journalArticle,2019,"Haan, Marieke; Lugtig, Peter; Toepoel, Vera",Can we predict device use? An investigation into mobile device use in surveys,International Journal of Social Research Methodology,,haan_can_2019,Survey Participants,Research Article,1.0,Germany,GESIS,"['Face-To-Face Survey', 'Web Survey']",German Adults,True,2107,,,,,,,False,,,,,,,,,,German Nonprobability Online Access Panel,,,,,,,,,,,,,,,,,,,,,,,,,,,,,,,,,,,,,,,,,,,,,,,,,,,,,,,,,,,,,,,,,,,,,,,,,,,,,,,,,,,,,,,,,,,,,,,,,,,,,,,,,,,,,,,,,,,,,,,,,,,,,,,,,,,,,,,,,,,,,,,,,,,,,,,,,,,,,,,,2014.0,"[2014, 2015]",,,702,,,,,,,,,,,,,,,,,,,,,,,,1.0,1.0,1.0,,,,,,,,,,,,,,,,,,,,,,,,,,,,,,,,,,,,,,,,,,,,,,,,,,,,,,,,,,,,,,,,,,,
journalArticle,2019,"Erens, Bob; Manacorda, Tommaso; Gosling, Jennifer; Mays, Nicholas; Reid, David; Taylor, William",Comparing data quality from personal computers and mobile devices in an online survey among professionals Funding acknowledgement,Social Research Practice,,erens_comparing_2019,Data Quality,Research Article,1.0,UK,Improving General Practice Service Survey,Web Survey,Practioner,False,3069,,,,,,,False,,,,,,,,,,,,,1.0,0.0,,,,,,,,,,,,,,,,1.0,,,,0.0,,,,,,,,,,,,,,,,,,,,,,,,,0.0,,,,,,,,,,,,,,,,,,,,,,,,,,,,,,,,,,,,,,,,,,,,,,,,,,,,,,,,,,,,,,,,,,,,,,,,,,,,,,,,,,,,,,,,,,,,,,,,,,,,,,,,,,,,,,,2017.0,2017,,,1604,,,,,,,,,,,,,,,,,,,,,,,,,,,,,,,,,,,,0.0,,,,,,,,,,,,,,,,,,,,,,,,,,,,,,,,,,,,,,,,,,,,,,,,,,,,,,,,,
journalArticle,2018,"Revilla, Melanie; Couper, Mick P.",Comparing Grids With Vertical and Horizontal Item-by-Item Formats for PCs and Smartphones,Social Science Computer Review,,revilla_comparing_2018,Survey Design,Research Article,1.0,Spain,Netquest,Web Survey,Adults Smartphone and PC User,True,1476,,,,,,,True,,,,,,,,,,,,,,,,,,,,,,,,,,,,,,,,,,0.0,,,,,,,,,,,,,,,,,,,,,,,,,,,,,,,,,,,,,,,,,,0.0,,,,,,,,,,,,,,,,,,,,,,,0.0,,,,,,,,,,,,,,0.0,0.0,0.0,0.0,1.0,0.0,0.0,0.0,0.0,0.0,0.0,,,,,,,,,,,,,,,,,,,,,,,,,,,,,,,,,,,,,,,,,,,,,,,2016.0,2016,,,,,,,,,,,,,,,,,,,,,,,,,,,,,,,,,,,,,,,,,,,,,,,,,,,,,,,,,,,,,,,,,,,,,,,,,,,,,,,,,,,,,,,,,,,,,,,,
journalArticle,2013,"De Bruijne, Marika; Wijnant, Arnaud",Comparing Survey Results Obtained via Mobile Devices and Computers: An Experiment With a Mobile Web Survey on a Heterogeneous Group of Mobile Devices Versus a Computer-Assisted Web Survey,Social Science Computer Review,,de_comparing_2013,Data Quality,Research Article,1.0,Netherlands,CentERdata,Web Survey,Dutch-speaking Adults,True,2029,,,,,,,True,True,1.0,1.0,0.0,1.0,True,0.0,0.0,0.0,,,,,,,,,,,,,,,,,,,,,,,,,,,,,,,,,,,,,,,,,,,,,,,,,,,,,,,,,,,,,,,,,,,,,,,,,,,,,,,,,,,,,,,,,,,,,,,,,,,,,,,,,,,,,,,,,,,,,,,,,,,,,,,,,,,,,,,,,,,,,,,,,,,,,,,,,,,,,,,,,2012.0,2012,,,,,,,,,,,,,,,,,,,,,,,,,,,,,,,,,,,,,,,,,,,,,,,,,,,,,,,,,,,,,,,,,,,,,,,,,,,,,,,,,,,,,,,,,,,,,,,,
journalArticle,2014,"Wells, Tom; Bailey, Justin T.; Link, Michael W.",Comparison of Smartphone and Online Computer Survey Administration,Social Science Computer Review,,wells_comparison_2014,Data Quality,Research Article,1.0,USA,KnowledgePanel,Mobile Web Survey,American Adults,True,2443,,,,,,,True,True,,,,,,,,,,,,,0.0,,,,,True,,,,,,,,True,,,0.0,,,,,1.0,1.0,,,,,,,,,,,,,,,,,,,,,,,,,,,,,,,,,,,,,,,,,,,,,,,,,,,,,,,,,,,,,,,,,,,,,,,,,,,,,,,,,,,,,,,,,,,,,,,,,,,,,,,,,,,,,,,,,,,,,,,,,,,,,,,,,,,,,,2011.0,2011,,,,,,,,,,,,,,,,,,,,,,,,,,,,,,,,,,,,,,,,,,,,,,,,,,,,,,,,,,,,,,,,,,,,,,,,,,,,,,,,,,,,,,,,,,,,,,,,
journalArticle,2021,"Weigold, Arne; Weigold, Ingrid K.; Dykema, Stephanie A.; Drakeford, Naomi M.; Martin-Wagar, Caitlin A.","Computerized Device Equivalence: A Comparison of Surveys Completed Using A Smartphone, Tablet, Desktop Computer, and Paper-and-Pencil",International Journal of Human-Computer Interaction,,weigold_computerized_2021,Data Quality,Research Article,1.0,USA,Author,Web Survey,Students,False,211,,,,,,,,,,,,,False,,,,,,,,,,,,,,,,,,,,,,,,,,,,,,,,,,,,,,,,,,,,,,,,,,,,,,,,,,,,,,,,,,,,,,,,,,,,,,,,,,,,,,,,,,,,,,,,,,,,,,,,,,,,,,,,,,,,,,,,,,,,,,,,,,,,,,,,,,,,,,,,,,,,,,,,,,,,,,,,,,,,,,,,56,,,,,,,,,,,,,,,,,,,,,,,,,,,,,,,,,,,,,,,,,,,,,,,,,,,,,,,,,,,,,,,,,,,,,,,,,,,,,,,,,,,,,,1.0,,,,,,,
journalArticle,2020,"Keusch, Florian; Bähr, Sebastian; Haas, Georg-Christoph; Kreuter, Frauke; Trappmann, Mark",Coverage Error in Data Collection Combining Mobile Surveys With Passive Measurement Using Apps: Data From a German National Survey,Sociological Methods & Research,,keusch_coverage_2020,Survey Participants,Research Article,1.0,Germany,PASS,"['CAPI', 'CATI']",Germans older than 15,True,13703,1.0,,,,,,,,,,,,,,,,,,,,,,,,,,,,,,,,,,,,,,,,,,,,,,,,,,,,,,,,,,,,,,,,,,,,,,,,,,,,,,,,,,,,,,,,,,,,,,,,,,,,,,,,,,,,,,,,,,,,,,,,,,,,,,,,,,,,,,,,,,,,,,,,,,,,,,,,,,,,,,,,,,,,,,,,,,,,,,,,2017.0,2017,,,,,,,,,,,,,,,,,,,,,,,,,,,,1.0,,,,,,,,,,,,,,,,,,,,,,,,,,,,,,1.0,1.0,0.0,1.0,1.0,0.0,,,,,,,,,,,,,,,,,,,,,,,,,,,,,,,,,
journalArticle,2020,"Ha, Louisa,; Zhang, Chenjie; Jiang, Weiwei",Data quality comparison between computers and smartphones in different web survey modes and question formats,Internet Research,,ha_data_2020,Data Quality,Research Article,1.0,USA,Author,"['CASI', 'Web Survey']",Students,False,699,,,,,,,True,,,,,,False,,,,,,,,,,,,,,,,,,,,,,,,1.0,,,,,,,,,,,,,,,,,,,,,,,,,,,,,,,,,,,,,,,,,,,,,,,,,,,,,,,,,,,,,,,,,,,,,,,,,,,,,,,,,,,,,,,,,,,,,,,,,,,,,,,,,,,,,,,,,,,,,,,,,,,,,,,,,,,,,,,,,,,,2015.0,2015,False,,,,,,,,,,,,,,,,,,,,,,,,,,,,,1.0,,,,,,,,,,,,,,,,,,,,,,,,,,,,,,,,,,,,,,0.0,,,,,,,,,,,,,,,,,,,,,,,,,,,,
journalArticle,2013,"Mavletova, Aigul",Data Quality in PC and Mobile Web Surveys,Social Science Computer Review,,mavletova_data_2013,Data Quality,Research Article,1.0,Russia,Online Market Intelligence,Web Survey,Russian Mobile Web User (18+),True,513,,,,,,,,,,,,,True,1.0,,1.0,Volunteer Online Access Panel,1.0,1.0,1.0,0.0,0.0,0.0,0.0,0.0,True,,,,,,,,,,,,,,,,,,,,,,,,,,,,,,,,,,,,,,,,,,,,,,,,,,,,,,,,,,,,,,,,,,,,,,,,,,,,,,,,,,,,,,,,,,,,,,,,,,,,,,,,,,,,,,,,,,,,,,,,,,,,,,,,,,,,,,,,,,,,,,,,,,,,,,,2011.0,2011,,,,,,,,,,,,,,,,,,,,,,,,,,,,,,,,,,,,,,,,,,,,,,,,,,,,,,,,,,,,,,,,,,,,,,,,,,,,,,,,,,,,,,,,,,,,,,,,
journalArticle,2018,"Antoun, Christopher; Katz, Jonathan; Argueta, Josef; Wang, Lin",Design Heuristics for Effective Smartphone Questionnaires,Social Science Computer Review,,antoun_design_2018,Survey Design,Systematic Review,0.0,,,,,,,,,,,,,,,,,,,,,,,,,,,,,,,,,,,,,1.0,,,,,,,,,,,,,,,,,,,,,,,,,,,,,,,,,,,,,,1.0,,,,,,,,,,,,,,,,,,,,,,,,,,,,,,,,,,,,,,,,,,,,,,,,,,,,,,,,,,,,,,,,,,,,,,,,,,,,,,,,,,,,,,,,,,,,,,,,,,,,,,,,,,,,,,,,,,,,,,,,,,,,,,,,,,,,,,,,,,,,,,,,,,,,,,,,,,,,,,,,,,,,,,,,,,,,,,,,,,,,,,,,,,,,,,,,,,,,,,,,,,,,,
journalArticle,2016,"Mavletova, Aigul; Couper, Mick P.",Device use in web surveys: The effect of differential incentives,International Journal of Market Research,,mavletova_device_2016,,,,,,,,,,,,,,,,,,,,,,,,,,,,,,,,,,,,,,,,,,,,,,,,,,,,,,,,,,,,,,,,,,,,,,,,,,,,,,,,,,,,,,,,,,,,,,,,,,,,,,,,,,,,,,,,,,,,,,,,,,,,,,,,,,,,,,,,,,,,,,,,,,,,,,,,,,,,,,,,,,,,,,,,,,,,,,,,,,,,,,,,,,,,,,,,,,,,,,,,,,,,,,,,,,,,,,,,,,,,,,,,,,,,,,,,,,,,,,,,,,,,,,,,,,,,,,,,,,,,,,,,,,,,,,,,,,,,,,,,,,,
journalArticle,2017,"Mendelson, Jonathan; Gibson, Jennifer L.; Romano-Bergstrom, Jennifer",Displaying Videos in Web Surveys: Implications for Complete Viewing and Survey Responses,Social Science Computer Review,,mendelson_displaying_2017,Survey Design,Research Article,1.0,USA,KnowledgePanel,Web Survey,American Adults who regularly interact with young people,True,1225,,,,,,,,,,,,,,,,,,,,,,,,,,,,,,,,,,,,,,,,,,,,,,,,,,,,,,,,,,,,,,,,,,,,,,,,,,,,,,,,,,,,,,,,,,,,,,,,1.0,,,,,,,,,,,,,,,,,,,,,,,,,,,,,,,,,,,,,,,,,,,,,,,,,,,,,,,,,,,,,,,,,,,,,,,,,,,,,,,,,2013.0,2013,,,,,,,,,,,,,,,,,,,,,,,,,,,,,,,,,,,,,,,,,,,,,,,,,,,,,,,,,,,,,,,,,,,,,,,,,,,,,,,,,,,,,,,,,,,,,,,,
journalArticle,2019,"Bosch, Oriol J.; Revilla, Melanie; Paura, Ezequiel",Do Millennials differ in terms of survey participation?:,International Journal of Market Research,,bosch_do_2019,,,,,,,,,,,,,,,,,,,,,,,,,,,,,,,,,,,,,,,,,,,,,,,,,,,,,,,,,,,,,,,,,,,,,,,,,,,,,,,,,,,,,,,,,,,,,,,,,,,,,,,,,,,,,,,,,,,,,,,,,,,,,,,,,,,,,,,,,,,,,,,,,,,,,,,,,,,,,,,,,,,,,,,,,,,,,,,,,,,,,,,,,,,,,,,,,,,,,,,,,,,,,,,,,,,,,,,,,,,,,,,,,,,,,,,,,,,,,,,,,,,,,,,,,,,,,,,,,,,,,,,,,,,,,,,,,,,,,,,,,,,
journalArticle,2016,"Revilla, Melanie; Toninelli, Daniele; Ochoa, Carlos; Loewe, Germán",Do online access panels need to adapt surveys for mobile devices?,Internet Research,,revilla_do_2016,Survey Participants,"['Review', 'Research Article']",1.0,Spanish Speaking Countries,Netquest,Web Survey,Spanish Speaking Adults,True,6817,,,,,,,,,,,,,,,,,,,,,,,,,,,,,,,,,,,,,,,,,,,,,,,,,,,,,,,,,,,,,,,,,,,,,,,,,,,,,,,,,,,,,,,1.0,1.0,,,,,,,,,,,,,,,,,,,,,,,,,,,,,,,,,,,,,,,,,,,,,,,,,,,,,,,,,,,,,,,,,,,,,,,,,,,,,,,,,,,,,,,,,,,,,,,,,,,,,,,,,,,,,,,,,,,,,,,,,,,,,,,,,,,,,,,,,,,,,,,,,,,,,,,,,,,,,,,,,,,,,,,,,,,,,,,,,,,,,,,,,,
journalArticle,2019,"Hartman, John D.; Craig, Benjamin M.",Does Device or Connection Type Affect Health Preferences in Online Surveys?,The Patient-Patient-Centered Outcomes Research,,hartman_does_2019,Data Quality,Research Article,1.0,USA,EuroQoL Research Foundation,Web Survey,American Adults,True,15292,,,,,,,,,,,,,True,,,,,,,1.0,,,,,,,,,,,,,,,,,,,,,,,,,,,,,,,,,,,,,,,,,,,,,,,,,,,,,,,,,,,,,,,,,,,,,,,,,,0.0,,,,,,,,,,,,,,,,,,,,,,,,,,,,,,,,,,,,,,,,,,,,,,,,,,,,,,,,,,,,,,,,,,,,,,,,,,,,,,,,,,,,,,,329,,,,,,,,,,,,,,,,,,,,,,,,,,,,,0.0,,,,,,,,,,,,,,,,,,,,,,,,,,,,,,,,,,,,,,,,,,,,,,,,,,,,,,,,,,,,,,,,
journalArticle,2019,"Gummer, Tobias; Quoß, Franziska; Roßmann, Joss",Does Increasing Mobile Device Coverage Reduce Heterogeneity in Completing Web Surveys on Smartphones?,Social Science Computer Review,,gummer_does_2019,Survey Participants,Meta-Analysis,1.0,Germany,German Longitudinal Election Study,Web Survey,German Adults,True,18520,,,,,,,,True,,0.0,,,,,,,,,,,,,,,,,,,,,,,,,,,,1.0,,,,,,,,,,,,,,,,,,,,,,,,,,,,,,,,,,,,,,,,,,,,,,,,,,,,,,,,,,,,,,,,,,,,,,,,,,,,,,,,,,,,,,,,,,,,,,,,,,,,,,,,,,,,,,,,,,,,,,,,,,,,,,,,,,,,,,,,,,,,,,,,,,,,,,,,,,,,,,,,,,,,,,,,,,,,,,,,,,,,,,,,,,,,,,,,,,,,,,,,,,,,,,,,,,,,,,,,,,,,,,,,,,,,,,,,,,,,
journalArticle,2015,"Liebe, Ulf; Glenk, Klaus; Oehlmann, Malte; Meyerhoff, Jürgen",Does the use of mobile devices (tablets and smartphones) affect survey quality and choice behaviour in web surveys?,Journal of choice modelling,,liebe_does_2015,Data Quality,Research Article,1.0,Germany,,,,True,3396,,,,,,,True,True,,,,,True,,,,,,,1.0,,,,,,,,,,,,,,False,,,,,,,,,,,,,,,,,,,,,,,,,,0.0,1.0,0.0,1.0,,,,,,,,,,,,,,,,,,,,,,,,,,,,,,,,,,,,,,,,,,,,,,,,,,,,,,,,,,,,,,,,,,,,,,,,,,,,,,,,,,,,,,,,,,,,,,,,,,,,,,,,,,,,,,,,,,2012.0,2012,,,,,,,,,,,,,,,,,,,,,,,,,,,,,,,,,,,,,,,,,,,,,,,,,,,,,,,,,,,,,,,,,,,,,,,,,,,,,,,,,,,,,,,,,,,,,,,,
journalArticle,2020,"Trübner, Miriam",Effects of Header Images on Different Devices in Web Surveys,Survey Research Methods,,trübner_effects_2020,Survey Design,Research Article,1.0,Germany,Author,Web Survey,Students,,1317,,,,,,,True,,,,,,,,,,,,,,,,,,,,,,,,,,,,,,,,,,,,,,,,,,,,,,,,,,,,,,,,,,,,,,,,,,,,,,,,,,,,,,,,,,,,,,,,,,,,,,,,,,,,,,,,,,,,,,,,,,,,,,,,,,,,,,,,,,,,,,,,,,,,,,,,,,,,,,,,,,,,,,,,,,,,,,,,,,2015.0,2015,Lottery,,303,,,,,,,,,,,,,,,,,,,,,,,,,,,,,,,,,,,,,,,,,,,,,,,,,,,,,,,,,,,,,,,,,,,,,,,0.0,,,,,,,,,,,,,,,,,,,,,,
journalArticle,2017,"Antoun, Christopher; Couper, Mick P.; Conrad, Frederick G.",EFFECTS OF MOBILE VERSUS PC WEB ON SURVEY RESPONSE QUALITY: A CROSSOVER EXPERIMENT IN A PROBABILITY WEB PANEL.,Public Opinion Quarterly,,antoun_effects_2017,Data Quality,Research Article,1.0,Netherlands,CentERdata,Web Survey,Dutch Adults,True,1390,,,,,,,True,,,,,,True,,,1.0,LISS Panel,,,,,0.0,,,,,1.0,,,,,,,,,,0.0,,,,,,,,,,,,,,,,,,,,,,,,,,,,,,,,,,,,,,,,,,,,,,,,,,,,,,,1.0,,,,,,,,,1.0,0.0,1.0,1.0,1.0,1.0,1.0,1.0,1.0,,,,,,,,,,,,,,,,,,,,,,,,,,,,,,,,,,,,,,,,,,,,,,,,,,,,,,,,,,,,,,,,,,,,2013.0,2013,,,,,,,,,,,,,,,,,,,,,,,,,,,,,,,,,,,,,,,,,,,,,,,,,,,,,,,,,,,,,,,,,,,,,,,,,,,,,,,,,,,,,,,,,,,,,,,,
journalArticle,2015,"Arn, Birgit; Klug, Stefan; Kolodziejski, Janusz",Evaluation of an adapted design in a multi-device online panel: a DemoSCOPE case study,"methods, data, analyses",,arn_evaluation_2015,Survey Design,"['Review', 'Research Article']",,,,,,,,,,,,,,,,,,,,,,,,,,,,,,,,,,,,,,,,,,,,,,,,,,,,,,,,,,,,,,,,,,,,,,,,,,,1.0,1.0,,,,,,,,,,,,,,,,,,,,,,,,,,,,,,,,,,,,,,,,,,,,,,,,,,,,,,,,,,,,,,,,,,,,,,,,,,,,,,,,,,,,,,,,,,,,,,,,,,,,,,,,,,,,,,,,,,,,,,,,,,,,,,,,,,,,,,,,,,,,,,,,,,,,,,,,,,,,,,,,,,,,,,,,,,,,,,,,,,,,,,,,,,,,,,,,,,,,,,,,,,,,,
journalArticle,2019,"Lee, Hana; Kim, Sunwoong; Couper, Mick P.; Woo, Youngje","Experimental comparison of PC web, smartphone web, and telephone surveys in the new technology era",Social Science Computer Review,,lee_experimental_2019,Data Quality,Research Article,1.0,South Korea,Dongguk University Student Life Survey,Web Survey,Students,True,2000,,,,,,,True,,,,,,False,,,,,,,0.0,,,,,,,,,,,,,,,,,,,,,0.0,,,,,,,,,,,,,,,,,,,,,,,,,,,,,,,,,,,,,,,,,,,,,,,,,,,,0.0,,,,,,,,,,,,,,,,,,,,,,,,,,,,,,,,,,,,,,,,,,,,,,,,,,,,,,,,,,,,,,,,,,,,,,,,,,,,,,,,,,,,2014.0,2014,,,1000,,,,,,,,,,,,,,,,,,,,,,,0.0,,,,,,,,,,,,,,,,,,,,,,,,,,,,,,,,,,,,,,,,,,,,,,,,,,,,,,,,,,,,,,,,,,,,,,
conferencePaper,2017,"Wang, Lin; Antoun, Christopher; Sanders, Russell; Nichols, Elizabeth; Hawala, Erica L.; Falcone, Brian; Figueroa, Ivonne J.; Katz, Jonathan",Experimentation for developing evidence-based ui standards of mobile survey questionnaires,,Proceedings of the 2017 CHI Conference Extended Abstracts on Human Factors in Computing Systems,wang_experimentation_2017,Survey Design,Research Article,1.0,,,Author,60-75 Years old People,,30,,,,,,,,,,,,,,,,,,,,,,,,,,,,,,,,,,,,,,,,,,,,,,,,,,,,,,,,,,,,,,,,,,,,,,,,,,,,,,,,,,,,,,,,,,,,,,,,,,,,,,,,,,,,,,,,,,,,,,,1.0,,,,,,,,,,,,,,,,,,,,,,,,,,,,,,,,,,,,,,,,,,,,,,,,,,,,,,,,,,,,,,,,,,,,,,,,,,,,,,,,,,,,,,,,,,,,,,,,,,,,,,,,,,,,,,,,,,,,,,,,,,,,,,,,,,,,,,,,,,,,,,,,,,,,,,,,,,,
journalArticle,2010,"Peytchev, Andy; Hill, Craig A.",Experiments in Mobile Web Survey Design: Similarities to Other Modes and Unique Considerations,Social Science Computer Review,,peytchev_experiments_2010,Survey Design,Research Article,1.0,USA,,Mobile Web Survey,American Adults,True,92,,0.0,0.0,0.0,0.0,1.0,,,,,,,,,,,,,,,,,,,,,,,,,,,,,,,,,,,,,,,,,,,,,,,,,,,,,,,,,,,,,,,,,,,,,,,,,,,,,,,,,,,,,,,,,,,,,,,,,,,,,,,,,,,,,,,,,,,,,,,,,,,,,,,,,,,,,,,,,,,,,,,,,,,,,,,,,,,,,,,,,,,,,,,,,,,2007.0,2007,,,,,,,,,,,,,,,,,,,,,,,,,,,,,,,,,,,,,,,,,,,,,,,,,,,,,,,,,,,,,,,,,,,,,,,,,,,,,,,,,,,,,,,,,,,,,,,,
journalArticle,2015,"Gummer, Tobias; Roßmann, Joss",Explaining Interview Duration in Web Surveys: A Multilevel Approach,Social Science Computer Review,,gummer_explaining_2015,Data Quality,Meta-Analysis,1.0,Germany,German Longitudinal Election Study,Web Survey,German Internet User (18+),False,24.273,,,,,,,,,,,,,True,,,,,,,,,,,,,,,,,,,,,,,,,,,,,,,,,,,,,,,,,,,,,,,,,,,,,,,,,,,,,,,,,,,,,,,,,,,,,,,,,,,,,,,,,,,,,,,,,,,,,,,,,,,,,,,,,,,,,,,,,,,,,,,,,,,,,,,,,,,,,,,,,,,,,,,,,,,,,,,,,,,,,,,,,,,,,,,,,,,,,,,,,,,,,,,,,,,,,,,,,,,,,,,,,,,,,,,,,,,,,,,,,,,,,,,,,,,,,,,,,,,,,,,,,,,,,,,,,,,,,
journalArticle,2021,"Krebs, Dagmar; Höhne, Jan K.",EXPLORING SCALE DIRECTION EFFECTS AND RESPONSE BEHAVIOR ACROSS PC AND SMARTPHONE SURVEYS,Journal of Survey Statistics and Methodology,,krebs_exploring_2021,Survey Design,Research Article,1.0,Germany,Respondi,Web Survey,German Adults,True,3401,,,,,,,True,,,,,,,,,,,,,,,,,,,,,,,,,,,,,,,,,,,,,,,,,,,,,,,,,,,,,,,,,,,,,,,,,,,,,,,,,,,,,,,,,,,,,,,,,,,,,,,,,,,,,,,,,,,,,,,,,,,,,,,,,,,,,,,,,,,,,,,,,,,,,,,,,,,,,,,,,,,,,,,,,,,,,,,,,,2018.0,2018,,,1721,,,,,,,,,,,,,,,,,,,,,,,,,,,,,,,,,,,,,,,,,,,,,,,,,,,,,,,,,,,,,,,,,,,,,,,,,,,,,,,,,,,,,,,,,,,0.0,1.0,0.0
journalArticle,2021,"Bucher, Hannah; Sand, Matthias",Exploring the Feasibility of Recruiting Respondents and Collecting Web Data Via Smartphone: A Case Study of Text-To-Web Recruitment for a General Population Survey in Germany,Journal of Survey Statistics and Methodology,,bucher_exploring_2021,Survey Participants,Research Article,1.0,Germany,Author,Web Survey,German Adults,False,6016,,,,,,,True,,,,,,,,,,,,,,,,,,,,,,,,,,,,,,,,,,,,,,,,,,,,,,,,,,,,,,,,,,,,,,,,,,,,,,,,,,,,,,,,,,,,,,,,,,,,,,,,,,,,,,,,,,,,,,,,,,,,,,,,,,,,,,,,,,,,,,,,,,,,,,,,,,,,,,,,,,,,,,,,,,,,,,,,,,2018.0,2018,,,6016,,,,,,,,,,,,,,,,,,,,,,,,,,,,,,,,,,,,,,,,,,,,,,,,,,,,,,,,,,,,,,,,,,,,,,,,,,,,,,,,,,,,,,,1.0,1.0,,,,,
journalArticle,2020,"Antoun, Christopher; Cernat, Alexandru",Factors Affecting Completion Times: A Comparative Analysis of Smartphone and PC Web Surveys,Social Science Computer Review,,antoun_factors_2020,Data Quality,Research Article,1.0,Netherlands,CentERdata,Web Survey,Dutch Adults,True,836,,,,,,,True,,,,,,True,,,,LISS Panel,,,,,,,,,,,,,,,,,,,,,,,,,,,,,,,,,,,,,,,,,,,,,,,,,,,,,,,,,,,,,,,,,,,,,,,,,,,,,,,,,,,,,,,,,,,,,,,,,,,,,,,,,,,,,,,,,,,,,,,,,,,,,,,,,,,,,,,,,,,,,,,,,,,,,,,,,,,,,,,,2013.0,2013,,,836,,,,,,,,,,,,,,,,,,,,,,,,,,,,,,,,,,,,,,,,,,,,,,,,,,,,,,,,,,,,,1.0,1.0,1.0,1.0,,,,,,,,,,,,,,,,,,,,,,,,,,,,,
journalArticle,2013,"Callegaro, Mario","From mixed-mode to multiple devices Web surveys, smartphone surveys and apps: has the respondent gone ahead of us in answering surveys?",International Journal of Market Research,,callegaro_from_2013,Survey Design,Review,0.0,,,,,,,,,,,,,,,,,,,,,,,,,,,,,,,,,,,,,1.0,,,,,,,,,,,,,,,,,,,,,,,,,,,,,,,,,,,,,,,,,,,,,,,,,,,,,,,,,,,,,,,,,,,,,,,,,,,,,,,,,,,,,,,,,,,,,,,,,,,,,,,,,,,,,,,,,,,,,,,,,,,,,,,,,,,,,,,,,,,,,,,,,,,,,,,,,,,,,,,,,,,,,,,,,,,,,,,,,,,,,,,,,,,,,,,,,,,,,,,,,,,,,,,,,,,,,,,,,,,,,,,,,,,,,,,,,,,,,,,,,,,
journalArticle,2018,"Mavletova, Aigul; Couper, Mick P.; Lebedev, Daniil",Grid and Item-by-Item Formats in PC and Mobile Web Surveys,Social Science Computer Review,,mavletova_grid_2018,Survey Design,Research Article,1.0,Russia,Online Market Intelligence,Web Survey,Mobile Internet User ,False,1678,,,,,,,True,,,,,1.0,True,,,,Volunteer Online Access Panel,0.0,,1.0,,,,,,,,,,,,,,,,,,,,,,,,,,,,,,,,,,,,,,,,,,,,,,0.0,,,,,,,,,,,,,,,,,,,,,,,,,,,,,,,,,,,,,,,,,,,,,,,,,,,,,,,,,,,1.0,,,,,,1.0,1.0,0.0,1.0,1.0,,,,,,,,,,,,,,,,,,,,,,,,,,,,,,,,,,,,,,,,,,2016.0,"[2016, 2017]",,,,,,,,,,,,,,,,,,,,,,,,,,,,,,,,,,,,,,,,,,,,,,,,,,,,,,,,,,,,,,,,,,,,,,,,,,,,,,,,,,,,,,,,,,,,,,,,
journalArticle,2016,"Mavletova, Aigul; Couper, Mick P.",Grouping of items in mobile web questionnaires,Field methods,,mavletova_grouping_2016,Survey Design,Research Article,1.0,Russia,Online Market Intelligence,Web Survey,Russian Adults,False,2032,,,,,,,,,,,,,,,,,Volunteer Online Access Panel,,,,,,,,,,,,,,,,,,,,,,,,,,,,,,,,,,,,,,,,,,,,,,,,,,,,,,,,,,SMS,0.0,1.0,,,,,,,,,,,,,,,,,,,,,,,,,,,,,,,,,,,,,,,,,,,,,,,,,,,,,,,,,,,,,,,,,,,,,,,,,,,,,,,,,,,,,,,,,,,,,,,,,,,,2013.0,2013,,,,,,,,,,,,,,,,,,,,,,,,,,,,,,,,,,,,,,,,,,,,,,,,,,,,,,,,,,,,,,,,,,,,,,,,,,,,,,,,,,,,,,,,,,,,,,,,
journalArticle,2017,"Bacon, Christopher; Barlas, Frances M.; Dowling, Zoe; Thomas, Randall K.",How Effective Are Emojis In Surveys Taken on Mobile Devices? Data-Quality Implications and the Potential To Improve Mobile-Survey Engagement and Experience,Journal of Advertising Research,,bacon_how_2017,Survey Design,Research Article,1.0,USA,"['GfK Custom Research', 'FocusVision']",Web Survey,American Adults,"[False, True]","[10664, 2000]",,,,,,,True,,,,,,,,,,,,,,,,,,,,,,,,,,,,,,,,,,,,,,,,,,,,,,,,,,,,,,,,,,,,,,,,,,,,,,,,,,,,,,,,,,,,,,,,,,,,,,,,,,,,,,,,,,,,,,"[None, False]","[None, False]",,,,,,,,,,,,,,,,,,,,,,,,,,,,,,,,,,,,,,,,,,,,,,,,,,,,,,,,,,,2017.0,2017,,,,,,,,,,,,,,,,,,,,,,,,,,,,,,,,,,,,,,,,,,,,,,,,,,,,,,,,,,,,,,,,,,,,,,,,,,,,,,,,,,,,,,,,,,,,,,,,
journalArticle,2014,"De Bruijne, Marika; Wijnant, Arnaud",Improving Response Rates and Questionnaire Design for Mobile Web Surveys,Public Opinion Quarterly,,de_improving_2014,Survey Design,Research Article,1.0,Netherlands,CentERdata,Web Survey,Dutch-speaking Adults,True,889,,,,,,,True,,,,,,,,,,LISS Panel,,,,,,,,,,,,,,,,,,,,0.0,,,,,,,1.0,1.0,1.0,0.0,0.0,0.0,1.0,0.0,0.0,0.0,,,,,,,,,,,,,,,,,,,,,,,,,,,,,,,,,,,,,,,,,,,,,,,,,,,,,,,,,,,,,,,,,,,,,,,,,,,,,,,,,,,,,,,,,,,,,,,,,,,,,,,,,,,,,,,,,,,,,,,,,,,,2013.0,2013,,,,,,,,,,,,,,,,,,,,,,,,,,,,,,,,,,,,,,,,,,,,,,,,,,,,,,,,,,,,,,,,,,,,,,,,,,,,,,,,,,,,,,,,,,,,,,,,
journalArticle,2021,"Revilla, Melanie; Couper, Mick P.",Improving the Use of Voice Recording in a Smartphone Survey,Social Science Computer Review,,revilla_improving_2021,Alternative Input,Research Article,1.0,Spain,Netquest,Mobile Web Survey,Spainish People (16+) with Android,True,1860,,,,,,,True,,,,,,,,,,,,,,,,,,,,,,,,,,,,,,,,,,,,,,,,,,,,,,,,,,,,,,,,,,,,,,,,,,,,,,,,,,,,,,,,,,,,,,,,,,,,,,,,,,,,,,,,,,,,,,,,,,,,,,,,,,,,,,,,,,,,,,,,,,,,,,,,,,,,,,,,,,,,,,,,,,,,,,,,,,2019.0,2019,Points that can be converted to gifts,,1860,,,,,,,,,,,,,,,,,,,,,,,,,,,,,,,,,,,,,,,,,,,,,,,,,,,,,,,,,,,,,,,,,,,,,,,,0.0,,,,,,,,,,,,,,,,,,,,,
journalArticle,2013,"Couper, Mick P.","Is the Sky Falling?  New Technology, Changing Media, and the Future of Surveys",Survey Research Methods,,couper_is_2013,,,,,,,,,,,,,,,,,,,,,,,,,,,,,,,,,,,,,,,,,,,,,,,,,,,,,,,,,,,,,,,,,,,,,,,,,,,,,,,,,,,,,,,,,,,,,,,,,,,,,,,,,,,,,,,,,,,,,,,,,,,,,,,,,,,,,,,,,,,,,,,,,,,,,,,,,,,,,,,,,,,,,,,,,,,,,,,,,,,,,,,,,,,,,,,,,,,,,,,,,,,,,,,,,,,,,,,,,,,,,,,,,,,,,,,,,,,,,,,,,,,,,,,,,,,,,,,,,,,,,,,,,,,,,,,,,,,,,,,,,,,
journalArticle,2015,"Lambert, Amber D.; Miller, Angie L.",Living with Smartphones: Does Completion Device Affect Survey Responses?,Research in Higher Education,,lambert_living_2015,Data Quality,Research Article,1.0,USA,Strategic National Arts Alumni Project,Web Survey,Alumni of Arts Education,False,58768,,,,,,,,,,,,,True,,,,,,,1.0,,,,,,True,,,,,,,,True,,,,,,,,,,,,,,,,,,,,,,,,,,,,,,,,,,,,,,,1.0,,,,,,,,,,,,,,,,,,,,,,,,,,,,,,,,,,,,,,,,,,,,,,,,,,,,,,,,,,,,,,,,,,,,,,,,,,,,,,,,,,,,,,,,,,,,,,,,,,,,,,,,2012.0,"[2012, 2013]",,,,,,,,,,,,,,,,,,,,,,,,,,,,,,,,,,,,,,,,,,,,,,,,,,,,,,,,,,,,,,,,,,,,,,,,,,,,,,,,,,,,,,,,,,,,,,,,
journalArticle,2014,"Buskirk, Trent D.; Andrus, Charles H.",Making Mobile Browser Surveys Smarter: Results from a Randomized Experiment Comparing Online Surveys Completed via Computer or Smartphone,Field methods,,buskirk_making_2014,Data Quality,Research Article,1.0,USA,Survey Sampling International Incorporated,Web Survey,iPhone Owner,True,1310,,,,,,,True,,,,,,,,,,,1.0,,,,,,,,False,,,,,,,,,,,,,,1.0,0.0,,,,,,,,,,,,,,,,,,,,,,,,,,,,,,,,,,,,,,,,,,,,,,,,,,,,,,,,,,,,,,,,,,,,,,,,,,,,,,,,,,,,,,,,,,,,,,,,,,,,,,,,,,,,,,,,,,,,,,,,,,,,,,,,,,,,,,,,2011.0,2011,,,,,,,,,,,,,,,,,,,,,,,,,,,,,,,,,,,,,,,,,,,,,,,,,,,,,,,,,,,,,,,,,,,,,,,,,,,,,,,,,,,,,,,,,,,,,,,,
journalArticle,2019,"Bosch, Oriol J.; Revilla, Melanie; DeCastellarnau, Anna; Weber, Wiebke","Measurement Reliability, Validity, and Quality of Slider Versus Radio Button Scales in an Online Probability-Based Panel in Norway",Social Science Computer Review,,bosch_measurement_2019,Survey Design,Research Article,1.0,Norwegia,Norwegian Citizen Panel Wave,Web Survey,Norwegian Adults,True,4689,,,,,,,,True,1.0,,,,,,,,,,,1.0,,,,,,,,,,,,,,,,,,,,,,,,,,,,,,,,,,,,,,,,,,,,,,,,,,,,,,,,,,,,,,,,,,,,,,,,,,,,,,,,,,,,,,,,,,,,,,,,,,,,,,,,,,,,,,,,,,,,,,,,,,,,,,,,,,,,,,,,,,,,,,,,,,,,,,,,,,,,,2016.0,2016,Lottery,0.0,,,,,,,,,,,,,,,,,,,,,,,,,,,,,,,,,,,,,,,,,,,,,,,,,,,,,,,,,,,,,,,,,,,,,,,,,,,,,,,,,,,,,,,,,,,,,,
journalArticle,2018,"DeLeeuw, Edith D.","Mixed-Mode: Past, Present, and Future",Survey Research Methods,,deleeuw_mixed-mode:_2018,Data Quality,Review,0.0,,,,,,,,,,,,,,,,,,,,,,,,,,,,,,,,,,,,,,,,,,,,,,,,,,,,,,,,,,,,,,,,,,,,,,,,,,,1.0,1.0,,,,,,,,,,,,,,,,,,,,,,,,,,,,,,,,,,,,,,,,,,,,,,,,,,,,,,,,,,,,,,,,,,,,,,,,,,,,,,,,,,,,,,,,,,,,,,,,,,,,,,,,,,,,,,,,,,,,,,,,,,,,,,,,,,,,,,,,,,,,,,,,,,,,,,,,,,,,,,,,,,,,,,,,,,,,,,,,,,,,,,,,,,,,,,,,,,,,,,,,,,,,
journalArticle,2018,"Schlosser, Stephan; Mays, Anja",Mobile and Dirty: Does Using Mobile Devices Affect the Data Quality and the Response Process of Online Surveys?,Social Science Computer Review,,schlosser_mobile_2018,Data Quality,Research Article,1.0,Germany,Author,Web Survey,Students,False,820,,,,,,,True,,,,,,,,,,,,,0.0,,,,,,False,,,,,,,,False,,,0.0,,,,,,,,,,,,,,,,,,,,,,,,,,,,,,,,,,,,,,,,,,,,,,0.0,,,,,,,,,,,,,,,,,,,,,,,,,,,,,,,,,,,,,,,,,,,,,,,,,,,,,0.0,1.0,1.0,1.0,1.0,0.0,1.0,0.0,1.0,0.0,,,,,,,,,,,,,,,,,,,,,,,,,,,,,,,,2014.0,2014,,,,,,,,,,,,,,,,,,,,,,,,,,,,,,,,,,,,,,,,,,,,,,,,,,,,,,,,,,,,,,,,,,,,,,,,,,,,,,,,,,,,,,,,,,,,,,,,
journalArticle,2018,"Cameron, Briana; Gentleman, Robert",Mobile Apps versus Web Browsers: A Comparison of Self-administered Survey Platforms,Chance,,cameron_mobile_2018,,,,,,,,,,,,,,,,,,,,,,,,,,,,,,,,,,,,,,,,,,,,,,,,,,,,,,,,,,,,,,,,,,,,,,,,,,,,,,,,,,,,,,,,,,,,,,,,,,,,,,,,,,,,,,,,,,,,,,,,,,,,,,,,,,,,,,,,,,,,,,,,,,,,,,,,,,,,,,,,,,,,,,,,,,,,,,,,,,,,,,,,,,,,,,,,,,,,,,,,,,,,,,,,,,,,,,,,,,,,,,,,,,,,,,,,,,,,,,,,,,,,,,,,,,,,,,,,,,,,,,,,,,,,,,,,,,,,,,,,,,,
journalArticle,2014,"De Bruijne, Marika; Wijnant, Arnaud",Mobile Response in Web Panels,Social Science Computer Review,,de_mobile_2014,Survey Participants,Research Article,1.0,Netherlands,CentERdata,Web Survey,Dutch Adults,True,2508,,,,,,,,True,,0.0,,,,,,,LISS Panel,,,,,,,,,,,,,,,,0.0,True,,,,1.0,1.0,,,,,,,,,,,,,,,,,,,,,,,,,,,,,,,,,,,,,,,,,,,,,,,,,,,,,,,,,,,,,,,,,,,,,,,,,,,,,,,,,,,,,,,,,,,,,,,,,,,,,,,,,,,,,,,,,,,,,,,,,,,,,,,,,,,,,,,,,,2012.0,"[2012,2013]",,,,,,,,,,,,,,,,,,,,,,,,,,,,,,,,,,,,,,,,,,,,,,,,,,,,,,,,,,,,,,,,,,,,,,,,,,,,,,,,,,,,,,,,,,,,,,,,
journalArticle,2014,"Link, Michael W.; Murphy, Joe; Schober, Michael F.; Buskirk, Trent D.; Hunter Childs, Jennifer; Langer Tesfaye, Casey","Mobile technologies for conducting, augmenting and potentially replacing surveys",Public Opinion Quarterly,,link_mobile_2014,General Development,Review,0.0,,,,,,,,,,,,,,,,,,,,,,,,,,,,,,,,,,,,,,,,,,,,,,,,,,,,,,,,,,,,,,,,,,,,,,,,,,,1.0,,,,,,,,,,,,,,,,,,,,,,,,,,,,,,,,,,,,,,,,,,,,,,,,,,,,,,,,,,,,,,,,,,,,,,,,,,,,,,,,,,,,,,,,,,,,,,,,,,,,,,,,,,,,,,,,,,,,,,,,,,,,,,,,,,,,,,,,,,,,,,,,,,,,,,,,,,,,,,,,,,,,,,,,,,,,,,,,,,,,,,,,,,,,,,,,,,,,,,,,,,,,,
journalArticle,2021,"Zou, Suiwen; Tan, Karen P.; Liu, Hongbo; Li, Xiang; Chen, Ye",Mobile vs. PC: the device mode effects on tourism online survey response quality,Current Issues in Tourism,,zou_mobile_2021,Data Quality,Research Article,1.0,"['China', 'USA']","['Online Survey Company', 'Chinese Survey Company']",Web Survey,"['American Leisure Tourist', 'Chinese Adults']",,"[2634, 1300]",,,,,,,,"[True, True]",,,,,"[True, False]",,,,,,,,,,,,,"[None, False]",,,,,,,,"[True, False]","[True, False]",,,,,,,,,,,,,,,,,,,,,,,,,,,,,,,,,,,,,,,,,,,,,,,,,,,,,,,,,,,,,,,,,,,,,,,,,,,,,,,,,,,,,,,,,,,,,,,,,,,,,,,,,,,,,,,,,,,,,,,,,,,,,,,,,,,,,,,,,,,,,,2017.0,"[2017, 2018]",,,"[1283, 861]",,,,,,,,,,,,,,,,,,,,,,,,,,,,,,,,,,,,,,,,,,,,,,,,,,,,,,,,,,,,,,,,,,,,,,,,,,,,,,,,,,,,,,,,,"[False, True]","[False, True]",,,
journalArticle,2014,"Mavletova, Aigul; Couper, Mick P.","Mobile Web Survey Design: Scrolling versus Paging, SMS versus E-mail Invitations",Journal of Survey Statistics and Methodology,,mavletova_mobile_2014,Survey Design,Research Article,1.0,Russia,Online Market Intelligence,Mobile Web Survey,Russian Adults,False,4000,,,,,,,True,,,,,,,1.0,,,Volunteer Online Access Panel,,,,,,,,,,,,,,,,,,,,,,,,,,,1.0,1.0,1.0,,,,,,,,0.0,1.0,1.0,0.0,1.0,1.0,,,,,,,,,,,,,,,,,,,,,,,,,,,,,,,,,,,,,,,,,,,,,,,,,,,,,,,,,,,,,,,,,,,,,,,,,,,,,,,,,,,,,,,,,,,,,,,,,,,,,,,,,,,,,,,,,,,,,,2013.0,2013,,,,,,,,,,,,,,,,,,,,,,,,,,,,,,,,,,,,,,,,,,,,,,,,,,,,,,,,,,,,,,,,,,,,,,,,,,,,,,,,,,,,,,,,,,,,,,,,
journalArticle,2018,"Toepoel, Vera; Lugtig, Peter",Modularization in an Era of Mobile Web: Investigating the Effects of Cutting a Survey Into Smaller Pieces on Data Quality,Social Science Computer Review,,toepoel_modularization_2018,Survey Design,Research Article,1.0,Netherlands,CentERdata,Web Survey,Dutch Adults,,3807,,,,,,,,,,,,,,,,,LISS Panel,,,,,,,,,,,,,,,,,,,,,,,,,,,,,,,,,,,,,,,,,,,,,,,,,,,,,,,,,,,,,,,,,,,,,,,,,,,,,,,,,,,,,,,,,,,,,,,,,,,,,,,,,,,,,,,,,,,,,,,,,,,,,,,,,,,,,,,,,,,,,,,,,,,,,,,,,,,,,,,1.0,2015.0,2015,,,,,,,,,,,,,,,,,,,,,,,,,,,,,,,,,,,,,,,,,,,,,,,,,,,,,,,,,,,,,,,,,,,,,,,,,,,,,,,,,,,,,,,,,,,,,,,,
journalArticle,2020,"Höhne, Jan K.; Revilla, Melanie; Schlosser, Stephan","Motion instructions in surveys: Compliance, acceleration, and response quality",International Journal of Market Research,,höhne_motion_2020,Alternative Input,Research Article,1.0,Spain,Netquest,Mobile Web Survey,People older 25 interested in insurance,False,521,,,,,,,True,,,,,,,,,,,,,,,,,,,,,,,,,,,,,,,,,,,,,,,,,,,,,,,,,,,,,,,,,,,,,,,,,,,,,,,,,,,,,,,,,,,,,,,,,,,,,,,,,,,,,,,,,,,,,,,,,,,,,,,,,,,,,,,,,,,,,,,,,,,,,,,,,,,,,,,,,,,,,,,,,,,,,,,,,,2018.0,2018,,,521,,,,,,,,,,,,,,,,,,,,,,,,,,,,,,,,,,,,,,,,,,,,,,,,,,,,,,,,,,,,,,,,,,1.0,0.0,0.0,0.0,0.0,,,,,,,,,,,,,,,,,,,,,,,
journalArticle,2020,"Daikeler, Jessica; Bach, Ruben L.; Silber, Henning; Eckman, Stephanie",Motivated Misreporting in Smartphone Surveys,Social Science Computer Review,,daikeler_motivated_2020,Data Quality,Research Article,1.0,Germany,GESIS,Web Survey,German Adults,True,3517,,,,,,,True,,,,,,True,,,,German Nonprobability Online Access Panel,,,,,,,,,,,,,,,,,,,,,,,,1.0,,,,,,,,,,,,,,,,,,,,,,,,,,,,,,,,,,,,,,,,,,,,,,,,,,,,,,0.0,,,,,,,,,,,,,,,,,,,,,,,,,,,,,,,,,,,,,,,,,,,,,,,,,,,,,,,,,,,,,,,,,,,,,,,,,,,,,,,,,,2018.0,2018,,,1612,,,,,,,,,,,,,,,,,,,,,,,,,,,,,,,,,,,,0.0,,,,,1.0,0.0,,,,,,,,,,,,,,,,,,,,,,,,,,,,,,,,,,,,,,,,,,,,,,,,,,,
journalArticle,2015,"Toepoel, Vera; Lugtig, Peter",Online surveys are mixed-device surveys: issues associated with the use of different (mobile) devices in web surveys,"methods, data, analyses",,toepoel_online_2015,Data Quality,Review,0.0,,,,,,,,,,,,,,,,,,,,,,,,,,,,,,,,,,,,,,,,,,,,,,,,,,,,,,,,,,,,,,,,,,,,,,,,,,,,1.0,,,,,,,,,,,,,,,,,,,,,,,,,,,,,,,,,,,,,,,,,,,,,,,,,,,,,,,,,,,,,,,,,,,,,,,,,,,,,,,,,,,,,,,,,,,,,,,,,,,,,,,,,,,,,,,,,,,,,,,,,,,,,,,,,,,,,,,,,,,,,,,,,,,,,,,,,,,,,,,,,,,,,,,,,,,,,,,,,,,,,,,,,,,,,,,,,,,,,,,,,,,,
journalArticle,2016,"Revilla, Melanie; Ochoa, Carlos",Open narrative questions in PC and smartphones: is the device playing a role?,Quality & Quantity,,revilla_open_2016,Data Quality,Research Article,1.0,Spain,Netquest,Web Survey,Spanish Adults,False,1800,,,,,,,"[True, False]",,,,,,True,,,,,,,,,,,,,True,,,,,,,,,,,0.0,,,,,,,,,,,,,,,,,,,,,,,,,,,,,,,,,,,,,,,,,,,,,1.0,0.0,0.0,0.0,0.0,,,,,,,,,,,,,,,,,,,,,,,,,,,,,,,,,,,,,,,,,,,,,,,,,,,,,,,,,,,,,,,,,,,,,,,,,,,,,,,,,,,,,,,,,,,2015.0,2015,,,,,,,,,,,,,,,,,,,,,,,,,,,,,,,,,,,,,,,,,,,,,,,,,,,,,,,,,,,,,,,,,,,,,,,,,,,,,,,,,,,,,,,,,,,,,,,,
conferencePaper,2018,"Olmsted-Hawala, Erica; Nichols, Elizabeth; Falcone, Brian; Figueroa, Ivonne J.; Antoun, Christopher; Wang, Lin",Optimal Data Entry Designs in Mobile Web Surveys for Older Adults,,"Human Aspects of IT for the Aged Population. Acceptance, Communication and Participation. ITAP 2018. Lecture Notes in Computer Science, vol 10926.",olmsted-hawala_optimal_2018,Survey Design,Research Article,1.0,USA,Author,Face-To-Face Survey,Person aged 60-75 with at least 1 year experience with smartphone,False,62,,,,,,,,,,,,,,,,,,,,,,,,,,,,,,,,,,,,,,,,,,,,,,,,,,,,,,,,,,,,,,,,,,,,,,,,,,,,,,,,,,,,,,,,,,,,,,,,,,,,,,,,,,,,,,,,,,,,,,,,,,,,,,,,,,,,,,,,,,,,,,,,,,,,,,,,,,,,,,,,,,,1.0,1.0,1.0,0.0,0.0,0.0,0.0,1.0,0.0,0.0,1.0,,,,2016.0,"[2016, 2017]",,,,,,,,,,,,,,,,,,,,,,,,,,,,,,,,,,,,,,,,,,,,,,,,,,,,,,,,,,,,,,,,,,,,,,,,,,,,,,,,,,,,,,,,,,,,,,,,
journalArticle,2017,"Brosnan, Kylie; Grün, Bettina; Dolnicar, Sara","PC, phone or tablet? Use, preference and completion rates for web surveys",International Journal of Market Research,,"brosnan_pc,_2017",Survey Participants,Meta-Analysis,1.0,"['UK', 'Australia', 'Canda']","['Global Online Access Panel for commercial market and social research', 'Australian Panel', 'Global Online Survey Company Survey']",,,,,,,,,,,,"[True, True, True]",,,,,,,,,,,,1.0,,,,,,,,,,,,,,"[True, True, False]",,,,,,,,,,,,,,,,,,,,,,,,,,,,,,,,,,,,,,,,,,,,,,,,,,,,,,,,,,,,,,,,,,,,,,,,,,,,,,,,,"[10006139, 133931, 1507]",1.0,,,,,,,,,,,,,,,,,,,,,,,,,,,,,,,,,,,,,,,,,,,,,,,,,,,,,,,,,,,,,,,,,,,,,,,,,,,,,,,,,,,,,,,,,,,,,,,,,,,,,,,,,,,,,,,,,,,,,,,,,,,,,,,,,,,,,,,,,,,,,,,,,,,,,,,,,,,,,,
journalArticle,2021,"Toepoel, Vera; Mathon, Karlijn; Tussenbroek, Puck; Lugtig, Peter","Probing in online mixed-device surveys: Is a research messenger layout more effective than a traditional online layout, especially on mobile devices?",Bulletin of Sociological Methodology/Bulletin de Méthodologie Sociologique,,toepoel_probing_2021,Alternative Input,Research Article,1.0,USA,Amazon Mechanical Turk,"['Web Survey', 'Messenger']",American Adults,False,1728,,,,,,,True,,,,,,,,,,,,,,,,,,,True,,,,,,,,,,,,,,,,,,,,,,,,,,,,,,,,,,,,,,,,,,,,,,,,,,,,,,,,,,,,,,,,,,,,,,,,,,,,,,,,,,,,,,,,,,,,,,,,,,,,,,,,,,,,,,,,,,,,,,,,,,,,,,,,,,,,,,,,,,,,,,,,,,,,,,,2018.0,2018,,,,,,,,,,,,,,,,,,,,,,,,,,,,,,,,,,,,,,,,,,,,,,,,,,,,,,,,,,,,,,,,,,,,,,,,,,,,,,,,0.0,1.0,1.0,,,,,,,,,,,,,,
journalArticle,2019,"Cernat, Alexandru; Liu, Mingna",Radio buttons in web surveys: Searching for alternatives,International Journal of Market Research,,cernat_radio_2019,Survey Design,Research Article,1.0,,SurveyMonkey Audience,,,False,2221,,,,,,,,,,,,,,,,,,,,,,,,,,,,,,,,,,,,,,,,,,,,,,,,,,,,,,,,,,,,,,,,,,,,,,,,,,,,,,,,,,,,,,,,,,,,,,,,,,,,,,,,,,,,,,,,,,,,,,,,,,,,,,,,,,,,,,,,,,,,,,,,,,,,,,,,,,,,,,,,,,,,,,,,,,,,,,,,,2016.0,2016,,,717,,,,,,,,,,,,,,,,,,,,,,1.0,,,,,,,,,,,,,,,,,,,,,,,,,,,,,,,,,,,,,,,,,,,,,,,,,,,,,,,,,,,,,,,,,,,,,,,
journalArticle,2019,"Lugtig, Peter; Toepoel, Vera; Haan, Marieke; Zandvliet, Robbert; Klein Kranenburg, Laurens",Recruiting Young and Urban Groups into a Probability-Based Online Panel by Promoting Smartphone Use,"methods, data, analyses",,lugtig_recruiting_2019,Survey Participants,Research Article,1.0,Netherlands,I&O Research Panel,Web Survey,Dutch Adults,True,3653,,,,,,,"[True, False]",,,,,,,,,,,,,,,,,,,,,,,,,,,,,,,,,,,,,,,,,,,,,,,,,,,,,,,,,,,0.0,,,,,,,,,Letter,,,,,,,,,,,,,,,,,,,,,,,,,,,,,,,,,,,,,,,,,,,,,,,,,,,,,,,,,,,,,,,,,,,,,,,,,,,,,,,,,,,,,,,,,,,,,,,,,,,,,,2017.0,2017,Lottery,,2898,,,,,,,,,,,,,,,,,,,,,,,,,,,,,,,1.0,0.0,0.0,1.0,0.0,0.0,,,,,,,,,,,,,,,,,,,,,,,,,,,,,,,,,,,,,,,,,,,,,,,,,,,,,,,,,
journalArticle,2013,"Mavletova, Aigul; Couper, Mick P.",Sensitive Topics in PC Web and Mobile Web Surveys: Is There a Difference?,Survey Research Methods,,mavletova_sensitive_2013,Data Quality,Research Article,1.0,Russia,Online Market Intelligence,Web Survey,Russian Mobile Web User (18+),True,1892,,,,,,,True,,,,,,,,0.0,1.0,Volunteer Online Access Panel,1.0,,1.0,,,,,,,1.0,1.0,0.0,0.0,,,,,,,,,,,,,,,,,,,,,,,,,,,,,,,,,,,,,,,,,,,,,,,,,,,,,,,,,,,,,,,,,,,,,,,,,,,,,,,,,,,,,,,,,,,,,,,,,,,,,,,,,,,,,,,,,,,,,,,,,,,,,,,,,,,,,,,,,,,,,,,,,,,2012.0,2012,,,,,,,,,,,,,,,,,,,,,,,,,,,,,,,,,,,,,,,,,,,,,,,,,,,,,,,,,,,,,,,,,,,,,,,,,,,,,,,,,,,,,,,,,,,,,,,,
journalArticle,2017,"Bansal, Harvir S.; Eldridge, James; Halder, Avik; Knowles, Roddy; Murray, Michael; Sehmer, Luke; Turner, David","Shorter interviews, longer surveys Optimising the survey participant experience while accommodating ever expanding client demands",International Journal of Market Research,,bansal_shorter_2017,Survey Design,Research Article,1.0,,,Web Survey,Adults that want to purchase a car,False,1998,,,,,,,,,,,,,,,,,,,,,,,,,,,,,,,,,,,,,,,,,,,,,,,,,,,,,,,,,,,,,,,,,,,,,,,,,,,,,,,,,,,,,,,,,,,,,,,,,,,,,,,,,,,,,,,,,,1.0,,,,,,,,,,,,,,,,,,,,,,,,,,,,,,,,,,,,,,,,,,,,,,,,,,,,,,,,,,,,,,,,,,,,,,,,,,,,,,,,,,,,,,,,,,,,,,,,,,,,,,,,,,,,,,,,,,,,,,,,,,,,,,,,,,,,,,,,,,,,,,,,,,,,,,,,,,,,,,,,
journalArticle,2019,"Antoun, Christopher; Conrad, Frederick G.; Couper, Mick P.; West, Brady T.",Simultaneous estimation of multiple sources of error in a smartphone-based survey,Journal of Survey Statistics and Methodology,,antoun_simultaneous_2019,Data Quality,Research Article,1.0,Netherlands,CentERdata,Web Survey,Dutch Adults,True,1127,,,,,,,,,,,,,,,,,LISS Panel,,,,,,,,,,,,,,,,,,,,,,,,,,,,,,,,,,,,,,,,,,,,,,,,,,,,,,,,,,,,,,,,,,,,,,,,,,,,,,,,,,,,,,,,,,,,,,,,,,,,,,,,,,,,,,,,,,,,,,,,,,,,,,,,,,,,,,,,,,,,,,,,,,,,,,,,,,,,,,,,2013.0,2013,,,800,,,,,,,,,,,,,,,,,,,,1.0,0.0,,,,1.0,,,,,,,,,,,,,,,,,,,,,,,,,,,,,,,,,,,,,,,,,,,,,,,,,,,,,,,,,,,,,,,,,,,,
journalArticle,2021,"Maineri, Angelica M.; Bison, Ivano; Luijkx, Ruud",Slider Bars in Multi-Device Web Surveys,Social Science Computer Review,,maineri_slider_2021,Survey Design,Research Article,1.0,Italy,Author,Web Survey,Students,,10467,,,,,,,False,,,,,,,,,,,,,,,,,,,,,,,,,,,,,,,,,,,,,,,,,,,,,,,,,,,,,,,,,,,,,,,,,,,,,,,,,,,,,,,,,,,,,,,,,,,,,,,,,,,,,,,,,,,,,,,,,,,,,,,,,,,,,,,,,,,,,,,,,,,,,,,,,,,,,,,,,,,,,,,,,,,,,,,,,,2015.0,"[2015, 2016]",None,,3200,,,,,,,,,,,,,,,,,,,,,,,,,,,,,,,,,,,,,,,,,,,,,,,,,,,,,,,,,,,,,,,,,,,,,,,,,,,1.0,1.0,,,,,,,,,,,,,,,,,
journalArticle,2018,"Toepoel, Vera; Funke, Frederik","Sliders, visual analogue scales, or buttons: Influence of formats and scales in mobile and desktop surveys",Mathematical Population Studies,,"toepoel_sliders,_2018",Survey Design,Research Article,1.0,Netherlands,KnowledgePanel,Web Survey,Dutch older than 15,True,5077,,,,,,,,,,,,,,,,,,,,,,,,,,,,,,,,,,,,,,,,,1.0,,,,,,,,,,,,,,,,,,,,,,,,,,,,,,,,,,,,,,,,,,0.0,,,,,,,,,,,,,,,,,,,,,,,,,,,,,,,,,,,,,,,,,,,,,,,,,,,,,,,,,,,,,,,,,,,,,,,,,1.0,1.0,0.0,0.0,0.0,0.0,1.0,,,,,,,,,,,,,,,2014.0,2014,,,,,,,,,,,,,,,,,,,,,,,,,,,,,,,,,,,,,,,,,,,,,,,,,,,,,,,,,,,,,,,,,,,,,,,,,,,,,,,,,,,,,,,,,,,,,,,,
journalArticle,2019,"Skeie, Magnus A.; Lindhjem, Henrik; Skjeflo, Sofie; Navrud, Ståle",Smartphone and tablet effects in contingent valuation web surveys - No reason to worry?,Ecological Economics,,skeie_smartphone_2019,Data Quality,Research Article,1.0,Norway,Kantar TNS,Web Survey,Norway Adults,True,5535,,,,,,,True,True,,0.0,,,True,,,,,,,,,,,,,,,,,,,,,True,True,,,,,,,,,,,,,,,,,,,,,,,,,,,,,,,,,,,,,,,,,,,,,,,,0.0,,,,,,,,,,,,,,,,,,,,,,,,,,,,,,,,,,,,,,,,,,,,,,,,,,,,,,,,,,,,,,,,,,,,,,,,,,,,,,,,,,,,,,,,,,,,,,2015.0,2015,,,592,,,,,,,,,,,,,,,,,,,,,,,,,,,,,1.0,0.0,,,,,,,,,,,,,,,,,,,,,,,,,,,,,,,,,,,,,,,,,,,,,,,,,,,,,,,,,,,,,,,
journalArticle,2016,"Toninelli, Daniele; Revilla, Melanie",Smartphones vs PCs: Does the Device Affect the Web Survey Experience and the Measurement Error for Sensitive Topics? A Replication of the Mavletova & Couper's 2013 Experiment,Survey Research Methods,,toninelli_smartphones_2016,Data Quality,Research Article,1.0,Spain,Netquest,Web Survey,Spanish Adults with PC and Smartphone,True,1843,,,,,,,"[True, False]",,,,,,,,,0.0,,,,,,,,,,,1.0,0.0,,,,,,,,,,,,,,,,,,,,,,,,,,,,,,,,,,,,,,,,,,,,,,,,,,,,,,,,,,,,,0.0,0.0,0.0,0.0,0.0,,,,,,,,,,,,,,,,,,,,,,,,,,,,,,,,,,,,,,,,,,,,,,,,,,,,,,,,,,,,,,,,,,,,,,,,,,,,,,,,,,,,2015.0,2015,,,,,,,,,,,,,,,,,,,,,,,,,,,,,,,,,,,,,,,,,,,,,,,,,,,,,,,,,,,,,,,,,,,,,,,,,,,,,,,,,,,,,,,,,,,,,,,,
journalArticle,2019,"Höhne, Jan K.; Schlosser, Stephan",SurveyMotion: what can we learn from sensor data about respondents' completion and response behavior in mobile web surveys?,International Journal of Social Research Methodology,,höhne_surveymotion:_2019,Alternative Input,Research Article,1.0,Germany,Author,Mobile Web Survey,Students,False,89,,,,,,,True,,,,,,,,,,,,,,,,,,,,,,,,,,,,,,,,,,,,,,,,,,,,,,,,,,,,,,,,,,,,,,,,,,,,,,,,,,,,,,,,,,,,,,,,,,,,,,,,,,,,,,,,,,,,,,,,,,,,,,,,,,,,,,,,,,,,,,,,,,,,,,,,,,,,,,,,,,,,,,,,,,,,,,,,,,2017.0,2017,Sweets,,89,,,,,,,,,,1.0,0.0,1.0,0.0,,,,,,,,,,,,,,,,,,,,,,,,,,,,,,,,,,,,,,,,,,,,,,,,,,,,,,,,,,,,,,,,,,,,,,,,,,,,,,,,
journalArticle,2018,"Revilla, Melanie; Couper, Mick P.",Testing different rank order question layouts for PC and smartphone respondents,International Journal of Social Research Methodology,,revilla_testing_2018,Survey Design,Research Article,1.0,Spain,Netquest,Web Survey,Adults with Access to Mobile and PC,False,1476,,,,,,,True,,,,,,False,,,,,,,,,,,,,,,,,,,,,,,,,,,,,,,,,,,,,,,,,,,,,,,,,,,,,,,,,,,,,,,,,,,,,,,,,,,,,,,,,,,,,,,,,,,,,,,,,,,,,,,,,,,,1.0,,,,,,,,,,,,,,,,,,,,,,,,,,,1.0,1.0,1.0,0.0,0.0,0.0,0.0,,,,,,,,,,,,,,,,,,,,,,,2016.0,2016,,,,,,,,,,,,,,,,,,,,,,,,,,,,,,,,,,,,,,,,,,,,,,,,,,,,,,,,,,,,,,,,,,,,,,,,,,,,,,,,,,,,,,,,,,,,,,,,
journalArticle,2020,"Revilla, Melanie; Couper, Mick P.; Bosch, Oriol J.; Asensio, Marc",Testing the Use of Voice Input in a Smartphone Web Survey,Social Science Computer Review,,revilla_testing_2020,Alternative Input,Research Article,1.0,Spain,Netquest,Mobile Web Survey,Adults with Smartphone,True,1205,,,,,,,True,,,,,,,,,,,,,,,,,,,,,,,,,,,,,,,,,,,,,,,,,,,,,,,,,,,,,,,,,,,,,,,,,,,,,,,,,,,,,,,,,,,,,,,,,,,,,,,,,,,,,,,,,,,,,,,,,,,,,,,,,,,,,,,,,,,,,,,,,,,,,,,,,,,,,,,,,,,,,,,,,,,,,,,,,,2018.0,2018,,,1205,,,,,,,,,,,,,,,,,,,,,,,,,,,,,,,,,,,,,,,,,,,1.0,1.0,0.0,1.0,0.0,1.0,1.0,1.0,1.0,0.0,1.0,0.0,,,,,,,,,,,,,,,,,,,,,,,,,,,,,,,,,,,,,,,
journalArticle,2015,"Huff, Kyle C.",The comparison of mobile devices to computers for web-based assessments,Computers in Human Behavior,,huff_the_2015,Data Quality,Research Article,1.0,USA,Author,Web Survey,Students,False,47,,,,,,,False,,,,,,True,,,,,,,,,,,,,,,,,,,,,,,,,,,,,,,,,,,,,,,,,,,,,,,,,,,,,,,,,,1.0,1.0,,,,,,,,,,,,,,,,,,,,,,,,,,,,,,,,,,,,,,,,,,,,,,,,,,,,,,,,,,,,,,,,,,,,,,,,,,,,,,,,,,,,,,,,,,,,,,,,,,,,,,,,,,,,,,,,,,,,,,,,,,,,,,,,,,,,,,,,,,,,,,,,,,,,,,,,,,,,,,,,,,,,,,,,,,,,,,,,,,,,,,,,,,,,,,,,,,,,,,,,,,
journalArticle,2009,"Fuchs, Marek; Busse, Britta",The Coverage Bias of Mobile Web Surveys Across European Countries,International Journal of Internet Science,,fuchs_the_2009,Survey Participants,Research Article,1.0,European Union Member and Accession Countries,Eurobarometer,Face-To-Face Survey,European Adults,True,81513,1.0,,,,,,,,,,,,,,,,,,,,,,,,,,,,,,,,,,,,,,,,,,,,,,,,,,,,,,,,,,,,,,,,,,,,,,,,,,,,,,,,,,,,,,,,,,,,,,,,,,,,,,,,,,,,,,,,,,,,,,,,,,,,,,,,,,,,,,,,,,,,,,,,,,,,,,,,,,,,,,,,,,,,,,,,,,,,,,,,2005.0,"[2005,2006,2007]",,,,,,,,,,,,,,,,,,,,,,,,,,,,,,,,,,,,,,,,,,,,,,,,,,,,,,,,,,,,,,,,,,,,,,,,,,,,,,,,,,,,,,,,,,,,,,,,
journalArticle,2019,"Mason, Robert; Huff, Kyle C.",The effect of format and device on the performance and usability of web-based questionnaires,International Journal of Social Research Methodology,,mason_the_2019,Data Quality,Research Article,1.0,USA,Author,Web Survey,,False,559,,,,,,,,,,,,,False,,,,,,,,,,,,,,,,,,,,,,,,,,,,,,,,,,,,,,,,,,,,,,,,,,,,,,,,,,,,,,,,,,,,,,,,,,,,,,,,,,,,,,,,,,,,,,,,,,,,,,,,,,,,,,,,,,,,,,,,,,,,,,,,,,,,,,,,,,,,,,,,,,,,,,,,,,,,,,,,,,,,,,,,,,,,,,,,,,,,,,0.0,0.0,0.0,1.0,0.0,0.0,,,,,,,,,,,,,,,,,,,,,,,,,,,,,,,,,,,,,,,,,,,,,,,,,,,,,,,,,,,,,,,,,,,,,,,,,,
journalArticle,2015,"Struminskaya, Bella; Weyandt, Kai; Bosnjak, Michael",The effects of questionnaire completion using mobile devices on data quality: evidence from a probability-based general population panel,"methods, data, analyses",,struminskaya_the_2015,Data Quality,Research Article,1.0,Germany,GESIS,Web Survey,German Adults,True,2913,,,,,,,False,,,,,,True,,,,German Nonprobability Online Access Panel,,,,,,,,,True,,,,,,,,,,,1.0,,,,1.0,,,,,,,,,,,,,,,,,,,,,,,,,1.0,1.0,,,,,,,,,,,,,,,,,,,,,,,,,,,,,,,,,,,,,,,,,,,,,,,,,,,,,,,,,,,,,,,,,,,,,,,,,,,,,,,,,,,,,,,,,,,,,,,,,,,,,,,,,,,,,,2014.0,2014,,,,,,,,,,,,,,,,,,,,,,,,,,,,,,,,,,,,,,,,,,,,,,,,,,,,,,,,,,,,,,,,,,,,,,,,,,,,,,,,,,,,,,,,,,,,,,,,
journalArticle,2016,"Lugtig, Peter; Toepoel, Vera","The Use of PCs, Smartphones, and Tablets in a Probability-Based Panel Survey: Effects on Survey Measurement Error",Social Science Computer Review,,lugtig_the_2016,Data Quality,Research Article,1.0,Netherlands,CentERdata,Web Survey,Dutch Adults,True,6226,,,,,,,True,,,,,,True,,1.0,,LISS Panel,,,,1.0,,,,,True,,,,,,,,,,,,,,,1.0,,,,,,,,,,,,,,,,,,,,,,,,,,,,,,,,,1.0,,,,,,,,,,,,,,,,,,,,,,,,,,,,,,,,,,,,,,,,,,,,,,,,,,,,,,,,,,,,,,,,,,,,,,,,,,,,,,,,,,,,,,,,,,,,,,,,,,,,,,,2013.0,2013,,,,,,,,,,,,,,,,,,,,,,,,,,,,,,,,,,,,,,,0.0,,,,,,,,,,,,,,,,,,,,,,,,,,,,,,,,,,,,,,,,,,,,,,,,,,,,,,,,,
journalArticle,2018,"Zijlstra, Toon; Wijgergangs, Krisje; Hoogendoorn-Lanser, Sascha",Traditional and mobile devices in computer assisted web-interviews,Transportation Research Procedia,,zijlstra_traditional_2018,Survey Participants,Review,0.0,,,,,,,,,,,,,,,,,,,,,,,,,,,,,,,,,,,,,,,,,,,,,,,,,,,,,,,,,,,,,,,,,,,,,,1.0,,,,,,,,,,,,,,,,,,,,,,,,,,,,,,,,,,,,,,,,,,,,,,,,,,,,,,,,,,,,,,,,,,,,,,,,,,,,,,,,,,,,,,,,,,,,,,,,,,,,,,,,,,,,,,1.0,,,,,,,,,,,,,,,,,,,,,,,,,,,,,,,,,,,,,,,,,,,,,,,,,,,,,,,,,,,,,,,,,,,,,,,,,,,,,,,,,,,,,,,,,,,,,,,,,,,,
journalArticle,2021,"Bosch, Oriol J.; Revilla, Melanie",Using emojis in mobile web surveys for Millennials? A study in Spain and Mexico,Quality & Quantity,,bosch_using_2021,Survey Design,Research Article,1.0,"['Spain', 'Mexico']",Netquest,Mobile Web Survey,16-34 with smartphone,True,1614,,,,,,,True,,,,,,,,,,,,,,,,,,,,,,,,,,,,,,,,,,,,,,,,,,,,,,,,,,,,,,,,,,,,,,,,,,,,,,,,,,,,,,,,,,,,,,,,,,,,,,,,,,,,,,,,,,,,,,,,,,,,,,,,,,,,,,,,,,,,,,,,,,,,,,,,,,,,,,,,,,,,,,,,,,,,,,,,,,2017.0,2017,,,1614,,,,,,,,,,,,,,,,,,,,,,,,,,,,,,,,,,,,,,,,,,,,,,,,,,,,,,,,,,,,,,,,,,,,,,,,,,,,,,,,1.0,1.0,1.0,1.0,1.0,0.0,,,,,,,,
journalArticle,2021,"Keusch, Florian; Leonard, Mariel M.; Sajons, Christoph; Steiner, Susan",Using Smartphone Technology for Research on Refugees: Evidence from Germany,Sociological Methods & Research,,keusch_using_2021,Survey Participants,Research Article,1.0,Germany,LIG Study,Web Survey,Refugee Adults speaking Arabic or English,False,468,,,,,,,True,,,,,,,,,,,,,,,,,,,,,,,,,,,,,,,,,,,,,,,,,,,,,,,,,,,,,,,,,,,,,,,,,,,,,,,,,,,,,,,,,,,,,,,,,,,,,,,,,,,,,,,,,,,,,,,,,,,,,,,,,,,,,,,,,,,,,,,,,,,,,,,,,,,,,,,,,,,,,,,,,,,,,,,,,,2017.0,2017,,,468,,,,,,,,,,,,,,,,,,,,,,,,,,,,,,,,,,,,,,,,,,,,,,,,,,,,,,,,,,,,,,,,,,,,,,,,,1.0,1.0,,,,,,,,,,,,,,,,,,,
journalArticle,2017,"Tourangeau, Roger; Maitland, Aaron; Rivero, Gonzalo; Sun, Hanyu; Williams, Douglas; Yan, Ting",WEB SURVEYS BY SMARTPHONE AND TABLETS EFFECTS ON SURVEY RESPONSES,Public Opinion Quarterly,,tourangeau_web_2017,Data Quality,"['Review', 'Research Article']",1.0,USA,Author,Face-To-Face Survey,American Adults,False,512,,,,,,,False,,,,,,,,,,Address Based Sample,,,,,,,,,,,,,,,,,,,,,,,,,,,,,,,,,,,,,,,,,,,,,,,,,,,,,,,,,,,,,,,,,,,,,,,,,,,,,,,,,,,,,,,,,,,,,0.0,1.0,0.0,0.0,,,,,,,,,,,,,,,,,,,,,,,,,,,,,,,,,,,,,,,,,,,,,,,,,,,,,,,,,,,,,,,,,,,,,,,,,,,,,,,,,,,,,,,,,,,,,,,,,,,,,,,,,,,,,,,,,,,,,,,,,,,,,,,,,,,,,,,,,,,,,,,,,,,,,,,,,,,,,,,,,
journalArticle,2018,"Tourangeau, Roger; Sun, Hanyu; Yan, Ting; Maitland, Aaron; Rivero, Gonzalo; Williams, Douglas",Web Surveys by Smartphones and Tablets: Effects on Data Quality,Social Science Computer Review,,tourangeau_web_2018,Data Quality,Research Article,1.0,USA,Author,Face-To-Face Survey,Adult Household Population,False,512,,,,,,,False,,,,,,True,,,, Address Based Sample,,,,,,,,,,,,,,,,,,,,,,,,0.0,,,,,,,,,,,,,,,,,,,,,,,,,0.0,,,,,,,,,,,,,,,,,,,,,,,,,,,,,,,,,,,,,,,,,,,,,,,,,,,,,,,,,,,,,,,,,,,,,,,,,,,,,,,,0.0,0.0,,,,,,,,,,,,,,,,,,,,,,,,,,,,,,2015.0,2015,,,,,,,,,,,,,,,,,,,,,,,,,,,,,,,,,,,,,,,,,,,,,,,,,,,,,,,,,,,,,,,,,,,,,,,,,,,,,,,,,,,,,,,,,,,,,,,,
journalArticle,2017,"Keusch, Florian; Yan, Ting",Web Versus Mobile Web: An Experimental Study of Device Effects and Self-Selection Effects,Social Science Computer Review,,keusch_web_2017,Survey Participants,Research Article,1.0,USA,Amazon Mechanical Turk,Mobile Web Survey,Adult IPhone User,False,1721,,,,,,,,False,,1.0,,,True,,,,,,,1.0,,,,,,,,,,,,,,True,,,,,,,1.0,,,,,,,,,,,,,,,,,,,,,,,,,1.0,,,,,,,,,,,,,,,,,,,,,,,,,,,,0.0,0.0,,,,,,,,,,,,,,,,,,,,,,,,,,,,,,,,,,,,,,,,,,,,,,,,,,,,,,,,,,,,,,,,,,,,,,,,,,,,,,,,,,2014.0,2014,,,,,,,,,,,,,,,,,,,,,,,,,,,,,,,,,,,,,,,,,,,,,,,,,,,,,,,,,,,,,,,,,,,,,,,,,,,,,,,,,,,,,,,,,,,,,,,,
journalArticle,2014,"Toepoel, Vera; Lugtig, Peter",What Happens if You Offer a Mobile Option to Your Web Panel? Evidence From a Probability-Based Panel of Internet Users,Social Science Computer Review,,toepoel_what_2014,Data Quality,Research Article,1.0,Netherlands,Author,Web Survey,Dutch Internet User (18+),True,947,,,,,,,True,True,,0.0,,,False,,0.0,,Random Digit Dialling,,,0.0,0.0,,,,,False,,,,,,0.0,0.0,False,True,0.0,0.0,,,,,,,,,,,,,,,,,,,,,,,,,,,,,,,,,,,,,,,,,,,,,,,,,,,,,,,,,,,,,,,,,,,,,,,,,,,,,,,,,,,,,,,,,,,,,,,,,,,,,,,,,,,,,,,,,,,,,,,,,,,,,,,,,,,,,,,,,,,,2012.0,2012,,,,,,,,,,,,,,,,,,,,,,,,,,,,,,,,,,,,,,,,,,,,,,,,,,,,,,,,,,,,,,,,,,,,,,,,,,,,,,,,,,,,,,,,,,,,,,,,
journalArticle,2019,"Grady, Rebecca H.; Greenspan, Rachel L.; Liu, Mingna",What Is the Best Size for Matrix-Style Questions in Online Surveys?,Social Science Computer Review,,grady_what_2019,Survey Design,Research Article,1.0,USA,SurveyMonkey Audience,Web Survey,American Adults,False,"[2801, 2570]",,,,,,,True,,,,,,,,,,,,,,,,,,,,,,,,,,,,,,,,,,,,,,,,,,,,,,,,,,,,,,,,,,,,,,,,,,,,,,,,,,,,,,,,,,,,,,,,,,,,,,,,,,,,,,,,,,,,,,,,,,,,,,,,,,,,,,,,,,,,,,,,,,,,,,,,,,,,,,,,,,,,,,,,,,,,,,,,,,2016.0,2016,Donation,,"[782, 704]",,,"[False, False]","[False, False]","[False, False]","[False, False]","[False, None]","[False, None]","[False, None]",,,,,,,,,,,,,,,,,,,,,,,,,,,,,,,,,,,,,,,,,,,,,,,,,,,,,,,,,,,,,,,,,,,,,,,,,,,,,,,,,,,,
journalArticle,2015,"Wells, Tom",What market researchers should know about mobile surveys,International Journal of Market Research,,wells_what_2015,General Development,Review,0.0,,,,,,,,,,,,,,,,,,,,,,,,,,,,,,,,,,,,,,,,,,,,,,,,,,,,,,,,,,,,,,,,,,,,,,1.0,1.0,,,,1.0,,,,,,,,,,,,,,,,,,,,,,,,,,,,,,,,,,,,,,,,,,,,,,,,,,,,,,,,,,,,,,,,,,,,,,,,,,,,,,,,,,,,,,,,,,,,,,,,,,,,,,,,,,,,,,,,,,,,,,,,,,,,,,,,,,,,,,,,,,,,,,,,,,,,,,,,,,,,,,,,,,,,,,,,,,,,,,,,,,,,,,,,,,,,,,,,,,,,,,,,,,,,,
journalArticle,2015,"Steinbrecher, Markus; Roßmann, Joss; Blumenstiel, Jan E.",Why Do Respondents Break Off Web Surveys and Does It Matter? Results From Four Follow-up Surveys,International Journal of Public Opinion Research,,steinbrecher_why_2015,Data Quality,Research Article,1.0,Germany,German Longitudinal Election Study,Web Survey,German Internet User (18+),True,4913,,,,,,,False,,,,,,,,,,,,,1.0,,,,,,,,,,,,,,,,,,,,,,,,,,,,,,,,,,,,,,,,,,,,,,,,,,,,,,,,,,,,,,,,,,,,,,,,,,,,,,,,,,,,,,,,,,,,,,,,,,,,,,,,,,,,,,,,,,,,,,,,,,,,,,,,,,,,,,,,,,,,,,,,,,,,,,,,,,,,,2010.0,"[2010,2011]",,,,,,,,,,,,,,,,,,,,,,,,,,,,,,,,,,,,,,,,,,,,,,,,,,,,,,,,,,,,,,,,,,,,,,,,,,,,,,,,,,,,,,,,,,,,,,,,
journalArticle,2017,"Couper, Mick P.; Peterson, Gregg J.",Why Do Web Surveys Take Longer on Smartphones?,Social Science Computer Review,,couper_why_2017,Data Quality,"['Review', 'Research Article']",1.0,USA,Sustainability Cultural Indicators Program,Web Survey,Students,False,38841,,,,,,,True,,,,,,True,,,,,,,1.0,,,,,,,,,,,,,,,,,,,,,,,,,,,,,,,,,,,,,,,,,,,,,,,,,,,,,,,,,,,,,,,,,,,,,,,,,,,,,1.0,,,,,,,,,,,,,,,,,,,,,,,,,,,,,,,,,,,,,,,,,,,,,,,,,,,,,,,,,,,,,,,,,,,,,,,,,,,,,,,,,,,,,,,,,,,,,,,,,,,,,,,,,,,,,,,,,,,,,,,,,,,,,,,,,,,,,,,,,,,,,,,,,,,,,,,,,,,,,,,,,,,,,,,,,,,,,,,,,
journalArticle,2019,"Wenz, Alexander,; Jackle, Annette; Couper, Mick P.",Willingness to use mobile technologies for data collection in a probability household panel,Survey Research Methods,,wenz_willingness_2019,Survey Participants,Research Article,1.0,UK,Understanding Society Innovation Panel,"['Web Survey', 'CASI']",British Adults (16+),True,1905,,,,,,,,,,,,,,,,,,,,,,,,,,,,,,,,,,,,,,,,,,,,,,,,,,,,,,,,,,,,,,,,,,,,,,,,,,,,,,,,,,,,,,,,,,,,,,,,,,,,,,,,,,,,,,,,,,,,,,,,,,,,,,,,,,,,,,,,,,,,,,,,,,,,,,,,,,,,,,,,,,,,,,,,,,,,,,,,,2016.0,2016,,,1379,,,,,,,,,,,,,,,,,,,,,,,,,,,,,,,,,,,,,0.0,0.0,0.0,0.0,,,,,,,,,,,,,,,,,,,,,,,,,,,,,,,,,,,,,,,,,,,,,,,,,,,,,
